Key1;Key2;ISIN;Country;Industry;Corridor_per_TA;Funded_Status;FVDBO;FVPA;Duration;ROA;TDR;CR;Cap_Turn;MV_common_shares;FS_DUM;Size
USD_2011;GB0007980591_2011;GB0007980591;GB;Oil & Gas;0;-9267,181467;35584,55598;26317,37452;0,274935233;0,087686134;0,616191464;1,157332954;0,332973917;87384,0303;1;5,354698632
CHF_2011;CH0038863350_2011;CH0038863350;CH;Food & Beverages;0,000788844;-4840,989399;20921,1932;16080,2038;0,393634841;0,083152922;0,489232279;0,945844687;0,292082636;178200;1;4,971996496
EUR_2011;FR0000120271_2011;FR0000120271;FR;Oil & Gas;-0,006254229;-2294;9322;7028;0,279588336;0,0748313;0,577022719;1,363175025;0,388073076;93368,2407;1;5,214973587
USD_2011;CH0012005267_2011;CH0012005267;CH;Healthcare;0;0;0;0;0;0,077560087;0,438789406;1,040435459;0,204977191;147439,9576;0;4,957753313
CHF_2011;CH0012032048_2011;CH0012032048;CH;Healthcare;0,051740938;-1451,228532;10212,83589;8761,607363;0,387249115;0,151731194;0,764810965;1,741640962;0,458490321;138503,9792;1;4,704156582
EUR_2011;ES0178430E18_2011;ES0178430E18;ES;Telecommunications;0;-709;2001;1292;0,293706294;0,041682417;0,78874891;0,639173675;0,160642787;61089,0953;1;5,112682069
GBP_2011;GB0009252882_2011;GB0009252882;GB;Healthcare;-2,43427E-05;-3690,177826;19035,68445;15345,50662;0,292084727;0,128067186;0,785126582;1,077081945;0,393549172;74270,4562;1;4,690438245
USD_2011;GB00B03MLX29_2011;GB00B03MLX29;GB;Oil & Gas;-0,018319686;-4884,169884;54024,71042;49140,54054;0,27339688;0,089550683;0,504708087;1,166746218;0,346921279;152292,1649;1;5,425872724
EUR_2011;FR0000120578_2011;FR0000120578;FR;Healthcare;0;-4480;10475;5995;0,366528354;0,05683622;0,437038886;1,530550648;0,207567514;76066,5722;1;5,000715995
EUR_2011;DE000ENAG999_2011;DE000ENAG999;DE;Utilities;0;-3248;14607;11359;0,248182762;-0,014515412;0,740874719;1,098005636;0,331329478;35222,6;1;5,184327947
USD_2011;GB0007188757_2011;GB0007188757;GB;Basic Resources;0;-4523,552124;14620,07722;10096,5251;0,215517241;0,048818437;0,504722071;1,465831055;0,183914007;62279,0438;1;4,965261648
EUR_2011;DE0007236101_2011;DE0007236101;DE;Industrial Goods & Services;0;-6156;27121;20965;0,266049383;0,058948802;0,691528448;1,212419651;0,506633539;67596,2039;1;5,018046901
USD_2011;GB0000566504_2011;GB0000566504;GB;Basic Resources;0;-136,6795367;1577,606178;1440,926641;0,371257485;0,229835457;0,438677824;1,281102721;0,245696903;113041,7917;1;4,90010762
USD_2011;GB0009895292_2011;GB0009895292;GB;Healthcare;0;-2069,498069;8647,876448;6578,378378;0,227793696;0,188964603;0,555706985;1,492254952;0,444936589;38447,0995;1;4,610610842
EUR_2011;DE000BAY0017_2011;DE000BAY0017;DE;Chemicals;0;-7141;18332;11191;0,216037736;0,046811333;0,633620771;1,498730396;0,380327869;40851,2233;1;4,722345942
GBP_2011;GB0002875804_2011;GB0002875804;GB;Personal & Household Goods;0;-558,5392052;6745,435016;6186,895811;0,203966006;0,114126627;0,687525351;1,08257933;0,313249014;60162,4481;1;4,510081481
EUR_2011;IT0003132476_2011;IT0003132476;IT;Oil & Gas;-0,001441114;-540;1110;570;0,5125;0,047990486;0,577508832;1,071208212;0,267200672;64125,7967;1;5,155168969
USD_2011;GB0008762899_2011;GB0008762899;GB;Oil & Gas;-0,003616695;-336,6795367;1332,046332;995,3667954;0,448863636;0,068977876;0,516552084;1,356816202;0,203007396;46715,4191;1;4,675771266
USD_2011;GB00B1XZS820_2011;GB00B1XZS820;GB;Basic Resources;-0,001946385;-383,011583;2394,594595;2011,583012;0,092920354;0,085157781;0,403812705;2,360234776;0,266447641;31484,3777;1;4,747720664
EUR_2011;FR0010208488_2011;FR0010208488;FR;Utilities;0;-2294;6942;4648;0,439153439;0,018757322;0,623869547;1,132049911;0,297586805;47574,4003;1;5,329214766
EUR_2011;DE000BASF111_2011;DE000BASF111;DE;Chemicals;0;-3041;18613;15572;0,231053604;0,101152432;0,58504291;1,64398859;0,44279526;49496,8165;1;4,786573978
GBP_2011;GB0008847096_2011;GB0008847096;GB;Retail;0;-1618,331543;8311,254326;6692,922783;0,567045455;0,055256887;0,649455505;0,668242506;0,253303401;32347,1238;1;4,782509059
EUR_2011;NL0000009355_2011;NL0000009355;NL;Personal & Household Goods;0;-3203;19247;16044;0,217241379;0,089493181;0,685953022;0,797088516;0,30078717;79472,7078;1;4,676803312
EUR_2011;FI0009000681_2011;FI0009000681;FI;Technology;0;-80;1737;1657;0,415492958;-0,032150255;0,6156332;1,459241;0,703079685;14125,9742;1;4,558768552
EUR_2011;DE0007100000_2011;DE0007100000;DE;Automobiles & Parts;-0,029669484;-6470;19067;12597;0,294264339;0,03825642;0,720944833;1,114173731;0,412591472;36170,0551;1;5,170648886
USD_2011;CH0012221716_2011;CH0012221716;CH;Industrial Goods & Services;0,010038337;-733,5907336;7580,694981;6847,104247;0,375776398;0,079903148;0,587974173;1,436326309;0,5999546;40924,6635;1;4,485951516
EUR_2011;DE0005557508_2011;DE0005557508;DE;Telecommunications;0;-6109;6969;860;0,359550562;0,00454538;0,67406277;0,651861287;0,129465816;38308,4949;1;5,088284964
GBP_2011;GB0002374006_2011;GB0002374006;GB;Food & Beverages;0;-983,4109082;8185,941043;7202,530135;0,231578947;0,096071194;0,697375739;1,456968464;0,362087273;35164,8522;1;4,372968223
USD_2011;LU0323134006_2011;LU0323134006;LU;Basic Resources;-0,022423695;-3135,135135;8884,942085;5749,80695;0,198307134;0,014785034;0,503798819;1,494501343;0,292131605;22055,7227;1;4,973662677
EUR_2011;DE0007164600_2011;DE0007164600;DE;Technology;0;-94;946;852;0,363636364;0,14803014;0,452874058;1,54308969;0,416318622;50161,5941;1;4,365955723
EUR_2011;DE0007037129_2011;DE0007037129;DE;Utilities;0;-3786;18141;14355;0,188191882;0,020128216;0,815640649;0,933745951;0,314248403;16623,4546;1;4,966873548
EUR_2011;FR0000120644_2011;FR0000120644;FR;Food & Beverages;0;-447;906;459;0,411764706;0,058784212;0,570885809;0,877908647;0,215014423;31193,9163;1;4,453715752
EUR_2011;IT0003128367_2011;IT0003128367;IT;Utilities;-0,00072436;-1322;2416;1094;0,139664804;0,02442802;0,679396955;0,87419545;0,209563912;29564,1562;1;5,229950474
EUR_2011;FR0000127771_2011;FR0000127771;FR;Media;-0,002261347;-554;826;272;0,363636364;0,048116441;0,603905311;0,714917861;0,231967551;21099,5169;1;4,746003313
USD_2011;BE0003793107_2011;BE0003793107;BE;Food & Beverages;0,003335498;-2359,073359;6293,436293;3934,362934;0,202531646;0,052078237;0,634927553;0,627316229;0,109608902;75951,3598;1;4,938600854
USD_2011;GB0031411001_2011;GB0031411001;GB;Basic Resources;0;-534,3629344;2370,656371;1836,293436;0,452380952;0,076344345;0,389285332;1,344244859;0,152007163;28994,6891;1;4,761817584
GBP_2011;GB0004544929_2011;GB0004544929;GB;Personal & Household Goods;0;-899,8687194;4332,259219;3432,3905;0,220779221;0,058756175;0,7477672;0,69566855;0,241698564;24470,3114;1;4,562060627
GBP_2011;GB00B24CGK77_2011;GB00B24CGK77;GB;Personal & Household Goods;0;-560,9261248;1888,053467;1327,127342;0,206185567;0,123531077;0,590754637;0,515438596;0,207985275;23170,1663;1;4,226827011
EUR_2011;FR0000120073_2011;FR0000120073;FR;Chemicals;1,87772E-18;-1396,9;2319,2;922,3;0,23904974;0,063627018;0,585642986;1,162419751;0,243187113;27125,4507;1;4,382438518
EUR_2011;FR0000121972_2011;FR0000121972;FR;Industrial Goods & Services;0;-1264;2685;1421;0,271523179;0,050716157;0,551635735;1,437062561;0,371899905;22326,6486;1;4,554925053
EUR_2011;FR0000120172_2011;FR0000120172;FR;Retail;-0,002670506;-905;1119;214;0,488095238;-0,046087084;0,840896288;0,737531602;0,401702447;11966,5035;1;4,68061649
EUR_2011;FR0000125486_2011;FR0000125486;FR;Construction & Materials;-0,002864208;-968,4;1765,9;797,5;0;0,031436958;0,775233099;0,908139675;0,385846023;19077,0757;1;4,782294857
EUR_2011;FR0000121014_2011;FR0000121014;FR;Personal & Household Goods;-0,002676921;-395;964;569;0,629213483;0,065117168;0,500478022;1,382843444;0,281862797;55550,6619;1;4,672734972
EUR_2011;NL0000009538_2011;NL0000009538;NL;Industrial Goods & Services;0;-1164;22413;21249;0,172265289;-0,026928123;0,572291652;1,335759392;0,430849962;16426,1196;1;4,461888526
USD_2011;GB0004835483_2011;GB0004835483;GB;Food & Beverages;0;-110,4247104;407,7220077;297,2972973;0,236842105;0,075847694;0,532569046;0,698379971;0,08520961;36048,6382;1;4,633203204
EUR_2011;NL0000009082_2011;NL0000009082;NL;Telecommunications;-0,03479698;-1075;8299;7224;0,214285714;0,069191942;0,869120472;0,507671091;0,13154956;13659,7301;1;4,349995899
SEK_2011;SE0000108656_2011;SE0000108656;SE;Technology;0,004091329;-936,047228;4074,762796;3138,715568;0,390293638;0,043495786;0,48182444;2,049036886;0,709173209;230221,4681;1;4,496998342
SEK_2011;SE0000106270_2011;SE0000106270;SE;Retail;0;-42,23190581;106,5319428;64,30003697;0,654761905;0,262859706;0,267229348;2,705021346;0,663221905;366267,4316;1;3,828809243
GBP_2011;GB00B08SNH34_2011;GB00B08SNH34;GB;Utilities;0;-688,6263277;23248,59768;22559,97136;0,132105685;0,04301257;0,80466885;0,884419636;0,113805852;22248,7854;1;4,751990191
NOK_2011;NO0010096985_2011;NO0010096985;NO;Oil & Gas;0;-2974,580855;9657,730047;6683,149193;0,571428571;0,102506222;0,628997654;1,157536128;0,257723388;489457,3478;1;4,995518134
EUR_2011;FR0000120321_2011;FR0000120321;FR;Personal & Household Goods;0;-1145;3252,7;2107,7;0,459481695;0,090789944;0,343295752;1,083128796;0,287538723;48572,6258;1;4,429067201
USD_2011;CH0011037469_2011;CH0011037469;CH;Chemicals;0;-100,3861004;4019,305019;3918,918919;0,335311573;0,09274404;0,564816426;1,727804359;0,565512441;25784,7979;1;4,124292683
GBP_2011;GB00B033F229_2011;GB00B033F229;GB;Utilities;0;393,8417472;5179,615706;5573,457453;0,313829787;0,021513618;0,713833103;0,892503987;0,285962492;14965,2828;0;4,368376443
EUR_2011;FR0000125007_2011;FR0000125007;FR;Construction & Materials;0;-3227;9820;6593;0,291262136;0,02777177;0,605960981;1,239542286;0,353787256;15887,4494;1;4,664961469
EUR_2011;ES0173516115_2011;ES0173516115;ES;Oil & Gas;0;-243;514;271;0,074074074;0,030906042;0,618881858;1,188552385;0,286497456;28977,1965;1;4,850995246
GBP_2011;GB0002634946_2011;GB0002634946;GB;Industrial Goods & Services;0;-6665,473207;27798,0666;21132,59339;0,215458276;0,05367733;0,81390416;0,621021898;0,276221809;9225,2757;1;4,44043859
EUR_2011;DE0006483001_2011;DE0006483001;DE;Chemicals;0;-559;5401;4842;0,258064516;0,040601764;0,580010375;0,891397193;0,202109632;19653,6554;1;4,461123197
EUR_2011;IE0001827041_2011;IE0001827041;IE;Construction & Materials;0;-664;2542;1878;0,313333333;0,027586852;0,50516669;1,699919116;0,294805256;11043,5126;1;4,330149869
CHF_2011;CH0012214059_2011;CH0012214059;CH;Construction & Materials;-0,014264229;-642,6164845;2671,542444;2028,925959;0,365482234;0,006462377;0,538069277;1,059519168;0,19159186;16436,0914;1;4,543685498
GBP_2011;GB0030913577_2011;GB0030913577;GB;Telecommunications;0;-2184,031507;46606,99367;44422,96217;0,113358779;0,083597795;0,94538166;0,489573204;0,189201603;14841,9698;1;4,456077059
EUR_2011;FR0000120693_2011;FR0000120693;FR;Food & Beverages;-0,000700416;-119;3655;3536;0,148471616;0,040663061;0,631347523;1,947154472;0,223666291;18981,8685;1;4,409916224
GBP_2011;GB0007908733_2011;GB0007908733;GB;Utilities;0,01018034;-351,3545769;3291,562239;2940,207662;0,20106383;0,01004826;0,767127254;0,996626644;0,354198628;12114,5489;1;4,370943229
USD_2011;GB0001500809_2011;GB0001500809;GB;Oil & Gas;0;0;0;0;0;0,061030082;0,551819148;0,764974553;0,110249104;12686,9114;0;3,914430972
EUR_2011;FR0010242511_2011;FR0010242511;FR;Utilities;-0,012382017;-15673;28267;12594;0,339100346;0,012990544;0,849348531;1,338419565;0,296413142;34758,6925;1;5,364939154
EUR_2011;DE0005552004_2011;DE0005552004;DE;Industrial Goods & Services;-0,049364716;-5888;13257;7369;0,189081225;0,03028015;0,708420121;0,922725808;0,447380754;14363,1087;1;4,584421693
EUR_2011;DE0005810055_2011;DE0005810055;DE;Financial Services;0;-47,2;244,8;197,6;0,56097561;0,003893465;0,985476108;11,31968376;0,845259976;8408,3998;1;5,338469044
SEK_2011;SE0000667925_2011;SE0000667925;SE;Telecommunications;-0,012482226;-354,882434;2569,985101;2215,102667;0,305916306;0,072242507;0,511452216;1,013133156;0,144331399;202518,0736;1;4,45392953
EUR_2011;IT0003497168_2011;IT0003497168;IT;Telecommunications;0;-1039;1039;0;0;-0,056356503;0,681668038;0,950835679;0,197414708;15319,4688;1;4,923549679
EUR_2011;NL0000009132_2011;NL0000009132;NL;Chemicals;-0,024812522;-505;15110;14605;0,065721649;0,024007247;0,50963813;1,367588933;0,33086718;8767,6822;1;4,29817601
EUR_2011;FR0000120537_2011;FR0000120537;FR;Construction & Materials;-9,82342E-05;-1092;4947;3855;0,250793651;0,014563226;0,553009652;1,315376137;0,234460571;7801,642;1;4,609797104
EUR_2011;DE0005190003_2011;DE0005190003;DE;Automobiles & Parts;0;-2173;13212;11039;0,287769784;0,039545002;0,780416272;1,037934467;0,39702177;33117,2894;1;5,09141721
GBP_2011;GB00B63H8491_2011;GB00B63H8491;GB;Industrial Goods & Services;0;1493,01826;10460,6755;11953,69376;0,266086957;0,051756683;0,724837119;1,202284558;0,506302137;13976,2715;0;4,292260302
EUR_2011;FR0010220475_2011;FR0010220475;FR;Industrial Goods & Services;-0,000611975;-1424;5521;4097;0,259375;0,023577157;0,857184269;0,917840612;0,587593004;6899,9756;1;4,492019642
EUR_2011;FR0000124141_2011;FR0000124141;FR;Utilities;-0,001585141;-675,5;1957,3;1281,8;0,361967695;-0,009717174;0,804880807;1,115257975;0,435437729;4400,3975;1;4,702478789
EUR_2011;FR0000121667_2011;FR0000121667;FR;Healthcare;-0,00136826;-185,227;268,236;83,009;0,389732283;0,082105185;0,438511438;1,260552031;0,394379774;11628,4617;1;3,789452802
SEK_2011;SE0000667891_2011;SE0000667891;SE;Industrial Goods & Services;-0,034454471;-447,2997345;1885,20091;1437,901175;0,309501411;0,055682152;0,656761766;1,741420156;0,550896809;100181,9567;1;4,043788055
EUR_2011;DE0007500001_2011;DE0007500001;DE;Industrial Goods & Services;0,000894434;-5968;7754;1786;0,262605042;-0,029608054;0,761897117;1,298984421;0,560282549;9119,318;1;4,639516371
GBP_2011;JE00B8KF9B49_2011;JE00B8KF9B49;JE;Media;6,07413E-05;-335,1235231;1115,288221;780,1646975;0,351111111;0,03401917;0,720820898;0,956888441;0,457126775;8512,9648;1;4,469415081
EUR_2011;FI0009007132_2011;FI0009007132;FI;Utilities;-0,005826594;-93;523;430;0,40625;0,076919732;0,558178972;1,143560295;0,121227933;14649,1719;1;4,36169007
EUR_2011;NL0000009165_2011;NL0000009165;NL;Food & Beverages;0;-1040;6900;5860;0,172749392;0,052715007;0,627972131;0,764409807;0,173554024;20603,6139;1;4,433401767
GBP_2011;GB0006776081_2011;GB0006776081;GB;Media;0;-27,44957632;2601,742451;2574,292875;0,463768116;0,08511206;0,469761651;1,828229665;0,339825685;9868,8867;1;4,127728647
EUR_2011;DE000A1EWWW0_2011;DE000A1EWWW0;DE;Personal & Household Goods;0;-193;260;67;0,52173913;0,058963093;0,531546573;1,503153469;0,565465729;12123;1;4,056142262
EUR_2011;FR0000121261_2011;FR0000121261;FR;Automobiles & Parts;0,001292608;-1824;6634;4810;0,14973262;0,069513596;0,612169667;1,842171041;0,493967828;8222,3083;1;4,319896859
USD_2011;JE00B2QKY057_2011;JE00B2QKY057;JE;Healthcare;0;0;0;0;0;0,135575687;0,500799348;0,871325415;0,346102003;12616,1576;0;3,692564524
NOK_2011;NO0010063308_2011;NO0010063308;NO;Telecommunications;-0,007087935;-400,7314121;926,4982359;525,7668238;0,606153846;0,043074685;0,477560885;0,721112022;0,206307601;157763,7925;1;4,330807885
EUR_2011;FR0000131906_2011;FR0000131906;FR;Automobiles & Parts;0;-1346;1752;406;0,59375;0,028683467;0,663161214;1,017969913;0,543697041;7925,3571;1;4,862930033
GBP_2011;GB0006043169_2011;GB0006043169;GB;Retail;0;45,35147392;2704,379998;2749,731472;0,178082192;0,069986814;0,452581398;0,574033869;0,134090679;8317,259;0;4,070640676
GBP_2011;GB0031274896_2011;GB0031274896;GB;Retail;0;201,0979831;6241,31758;6442,415563;0,1712627;0,070545695;0,617945087;0,728084173;0,200747941;4930,5026;0;3,938539311
USD_2011;GB00B19NLV48_2011;GB00B19NLV48;GB;Industrial Goods & Services;0;42,47104247;662,5482625;705,019305;0,166666667;0,080328673;0,640544518;0,5250501;0,160657346;8797,6683;0;3,799100939
USD_2011;LU0156801721_2011;LU0156801721;LU;Basic Resources;-0,003993976;-77,73590734;181,6594595;103,9235521;0,28122526;0,089557972;0,24830346;2,659742755;0,430125;17967,8;1;4,059855264
USD_2011;DE0005785802_2011;DE0005785802;DE;Healthcare;-2,31902E-18;-226,7953668;395,9073359;169,1119691;0,300028225;0,054838592;0,56629432;1,336040047;0,291561088;15913,0583;1;4,178495847
EUR_2011;DE0007664039_2011;DE0007664039;DE;Automobiles & Parts;0;-16692;23251;6559;0,282310469;0,060754812;0,750206998;1,045360988;0,416518811;50280,0895;1;5,404193772
EUR_2011;DE0006047004_2011;DE0006047004;DE;Construction & Materials;1,42009E-17;-568,4;4315,7;3747,3;0,177812746;0,012742804;0,53244453;1,204969476;0,19384362;6148,1252;1;4,462701898
EUR_2011;PTEDP0AM0009_2011;PTEDP0AM0009;PT;Utilities;7,26734E-06;-953,9;2206,5;1252,6;0,118930331;0,027244362;0,724161341;0,942006517;0,168832911;8742,7814;1;4,615745759
EUR_2011;FR0000120354_2011;FR0000120354;FR;Industrial Goods & Services;-0,006438415;-182,6;417,2;234,6;0,43902439;0,043671054;0,433342444;1,501840001;0,388365762;6091,1496;1;3,963542712
GBP_2011;GB0001411924_2011;GB0001411924;GB;Media;0;0;0;0;0;0,151288756;0,806686589;1,218096234;0,435001868;12753,7469;0;3,805486176
EUR_2011;DE0006048408_2011;DE0006048408;DE;Chemicals;0;-981;4284;3303;0,303501946;0,067441735;0,528392271;1,575239878;0,362290758;17660,6509;1;4,269022335
SEK_2011;SE0000115446_2011;SE0000115446;SE;Automobiles & Parts;-0,033798168;-1846,665696;4520,94232;2674,276625;0,372994129;0,050251384;0,757445279;1,201699622;0,488781126;160703,9016;1;4,597374124
USD_2011;GB0009223206_2011;GB0009223206;GB;Healthcare;0;-221,6216216;1042,471042;820,8494208;0,29787234;0,12260375;0,328628608;1,827768014;0,438171477;5588,1687;1;3,564149463
EUR_2011;FR0000121485_2011;FR0000121485;FR;Retail;0;-183;385,7;202,7;0,449838188;0,039525042;0,529149869;0,746178321;0,211454768;14052,5612;1;4,39713669
EUR_2011;NL0000009827_2011;NL0000009827;NL;Chemicals;0;-288;1105;817;0,402985075;0,072062382;0,464551403;2,241955193;0,493322578;6504,0864;1;4,047547433
GBP_2011;GB0033195214_2011;GB0033195214;GB;Retail;0;-17,9018976;2341,568206;2323,666309;0,237704918;0,066438285;0,405481159;0,98;0,310287553;5927,1221;1;4,06056937
EUR_2011;IT0000068525_2011;IT0000068525;IT;Oil & Gas;-0,001514005;-116;182;66;0,76;0,058099924;0,695748171;0,84365189;0,423795105;14499,9578;1;4,200084064
CHF_2011;CH0008742519_2011;CH0008742519;CH;Telecommunications;0,004987147;-1544,909195;7471,443833;5926,534637;0,441687345;0,035115681;0,779125964;1,008819715;0,199948586;18436,2958;1;4,203664715
USD_2011;GB00B83VD954_2011;GB00B83VD954;GB;Financial Services;0,016298021;4,633204633;297,2972973;301,9305019;0,235294118;0,031265591;0,324796275;0,061674009;0,023282887;2370,3983;0;3,666821435
NOK_2011;NO0010208051_2011;NO0010208051;NO;Chemicals;0;-253,8051456;1357,748075;1103,942929;0,283018868;0,163274696;0,394046008;2,47494464;0,40834912;69037,4854;1;3,978458237
SEK_2011;SE0000107419_2011;SE0000107419;SE;Financial Services;0,003815418;15,90697779;37,30298312;53,2099609;0,333333333;-0,043205513;0,26632086;0,027742482;0,001839827;96884,4766;0;4,378914811
GBP_2011;GB0031809436_2011;GB0031809436;GB;Real Estate;0,000804096;10,38310061;169,3519513;179,7350519;0,136842105;0,048328959;0,338644682;0,606418919;0,003318052;4941,734;0;4,111019015
EUR_2011;FR0000052292_2011;FR0000052292;FR;Personal & Household Goods;0;-68,1;120,9;52,8;0,686440678;0,182951607;0,2841091;2,41364633;0,576068218;24317,9112;1;3,511669502
EUR_2011;PTPTC0AM0009_2011;PTPTC0AM0009;PT;Telecommunications;0;0;0;0;0;0,014780862;0,836870637;1,237994238;0,367551988;3989,4785;0;4,360665178
EUR_2011;DE000KSAG888_2011;DE000KSAG888;DE;Chemicals;-0,011557067;-136,1;461,6;325,5;0,336477987;0,093166471;0,490729581;2,560518308;0,430649342;6683,6874;1;3,782250403
EUR_2011;FI0009013403_2011;FI0009013403;FI;Industrial Goods & Services;-0,01455407;-160,3;367;206,7;0,342205323;0,136148248;0,56972415;1,203306253;0,629780843;10447,4995;1;3,674603977
SEK_2011;SE0000112724_2011;SE0000112724;SE;Personal & Household Goods;-8,63285E-05;-505,998723;2463,117096;1957,118373;0,326435247;0,003942333;0,559070243;1,465802598;0,384830652;71814,9773;1;4,192326628
NOK_2011;NO0003733800_2011;NO0003733800;NO;Food & Beverages;0;0;0;0;0;-0,011687451;0,482107356;2,235157595;0,449650581;45941,7705;0;3,931955715
EUR_2011;NL0006144495_2011;NL0006144495;NL;Media;0;-290;4651;4361;0,219594595;0,320381232;0,044721408;0,575949367;1,868035191;14078,0537;1;3,13481437
EUR_2011;FR0000130007_2011;FR0000130007;FR;Technology;0,0459034;-1830;30843;29013;0,049019608;0,045242325;0,809899599;1,340296013;0,46395075;2806,735;1;4,383869201
EUR_2011;IT0003153415_2011;IT0003153415;IT;Utilities;-9,45626E-05;-109;109;0;0,5;0,037352246;0,726146572;0,296230094;0,086193853;12163,4659;1;4,325310372
CHF_2011;CH0012255151_2011;CH0012255151;CH;Personal & Household Goods;-0,058847527;-427,3153094;3052,839182;2625,523872;0,605691057;0,129423763;0,176848547;6,165073849;0,723712392;18605,4769;1;3,906192707
EUR_2011;DE0007257503_2011;DE0007257503;DE;Retail;-0,005972872;-1031;2008;977;0,274074074;0,018565922;0,810604054;0,785914179;0,446200018;9204,5777;1;4,531312832
DKK_2011;DK0010181759_2011;DK0010181759;DK;Food & Beverages;0;-435,8588033;1390,846965;954,9881619;0,31884058;0,034857901;0,515083201;0,686282636;0,123319387;62179,8252;1;4,298222471
EUR_2011;DE0005937007_2011;DE0005937007;DE;Industrial Goods & Services;0;-378;2023;1645;0,35971223;0,012747724;0,700589181;0,964636778;0,431012319;9978,206;1;4,271144318
EUR_2011;BE0003562700_2011;BE0003562700;BE;Retail;-0,007433426;-91;296;205;0,5;0,03880085;0,556445025;1,120268836;0,258699559;4420,608;1;4,087852375
DKK_2011;DK0010244508_2011;DK0010244508;DK;Industrial Goods & Services;0;0;0;0;0;0,037334803;0,48625424;1,119966874;0,193797051;162109,7222;0;4,735980158
GBP_2011;GB00B23K0M20_2011;GB00B23K0M20;GB;Industrial Goods & Services;0;-102,2795083;792,5766798;690,2971715;0,398537477;0,067279152;0,851844523;0,890481601;0,288;3855,5997;1;3,625504258
EUR_2011;ES0167050915_2011;ES0167050915;ES;Construction & Materials;0;0;0;0;0;0,019091449;0,870982031;0,986869537;0,582399103;7205,8195;0;4,681129121
USD_2011;GB00B74CDH82_2011;GB00B74CDH82;GB;Oil & Gas;0;0;0;0;0;0,556413318;0,064757279;21,61200717;0,654465037;3734,3653;0;3,755233074
EUR_2011;ES0111845014_2011;ES0111845014;ES;Industrial Goods & Services;3,38034E-05;-65,011;188,462;123,451;0,396464159;0,030814013;0,805895857;0,671267676;0,059168423;9575,7166;1;4,356966033
EUR_2011;FR0000131708_2011;FR0000131708;FR;Oil & Gas;-0,005230931;-169,6;296;126,4;0,511705686;0,044375437;0,678682645;0,999569781;0,508091323;8040,0508;1;4,058122216
EUR_2011;NL0000235190_2011;NL0000235190;NL;Industrial Goods & Services;-0,000463403;-5504;10639;5135;0,359565807;0,011675483;0,899746824;0,905590873;0,486244857;24745,8;1;4,94682548
CHF_2011;CH0030170408_2011;CH0030170408;CH;Construction & Materials;0;-203,139124;506,6973457;303,5582217;0,600886918;0,180901682;0,331276205;2,471719782;0,40556838;7212,307;1;3,241633729
USD_2011;GB00B01C3S32_2011;GB00B01C3S32;GB;Basic Resources;0;0;0;0;0;0,148885757;0,093955203;4,753034342;0,333666705;6040,0188;0;3,291315182
EUR_2011;LU0088087324_2011;LU0088087324;LU;Media;0;0;0;0;0;0,069640804;0,704920066;0,405866667;0,077217074;7400,1;0;3,947913827
SEK_2011;SE0000113250_2011;SE0000113250;SE;Construction & Materials;0;-403,835598;1645,476033;1241,640435;0,479185939;0,09168781;0,763404615;1,124687232;0,776573638;48290,3682;1;3,967172285
EUR_2011;FR0000125338_2011;FR0000125338;FR;Technology;-0,005447612;-1129;3027;1898;0,240223464;0,036680588;0,611131287;1,359316067;0,490829853;3761,0764;1;4,041945072
GBP_2011;GB0001367019_2011;GB0001367019;GB;Real Estate;0,00134837;13,12805824;118,1525242;131,2805824;0,375;0,05883795;0,37435646;0,136585366;0,006864428;4111,2772;0;3,988391511
EUR_2011;CH0012138605_2011;CH0012138605;CH;Industrial Goods & Services;0;-38;278;240;0,619047619;0,055484285;0,592580714;1,238561227;0,500641437;7447,5189;1;3,970997366
EUR_2011;IE00B1GKF381_2011;IE00B1GKF381;IE;Travel & Leisure;0;-4,9;32,8;27,9;0,296296296;0,062259749;0,632629708;2,13553719;0,43061882;5309,164;1;3,954290762
GBP_2011;GB0032089863_2011;GB0032089863;GB;Retail;0;66,47571309;538,7277718;605,2034849;0,269541779;0,256121238;0,879894294;1,535425647;0,614766476;4683,4123;0;3,344964386
EUR_2011;DE0005200000_2011;DE0005200000;DE;Healthcare;0,004170616;-168;977;809;0,352112676;0,047393365;0,428246445;2,045429363;0,699905213;11042,6399;1;3,722222464
GBP_2011;GB00B019KW72_2011;GB00B019KW72;GB;Retail;0;-405,7763456;5912,400048;5506,623702;0,171875;0,048460292;0,543841167;0,647959184;0,164667747;5687,3738;1;4,168122969
SEK_2011;SE0000108227_2011;SE0000108227;SE;Industrial Goods & Services;0;-963,2683238;1951,517324;988,2490002;0,325991189;0,101913295;0,621804157;2,517780294;0,561659986;66281,9422;1;3,822895638
EUR_2011;AT0000743059_2011;AT0000743059;AT;Oil & Gas;0;-638,266;1046,029;407,763;0,235513122;0,037427463;0,525581551;1,209933412;0,276391477;8608,3;1;4,453523007
EUR_2011;BE0003470755_2011;BE0003470755;BE;Chemicals;0,000360138;-2415;4233;1818;0,210526316;0,012707722;0,657714668;1,601085776;0,379328086;5392,0722;1;4,288629235
EUR_2011;NL0000395903_2011;NL0000395903;NL;Media;0,020774174;63;959;1022;0,113207547;0,017934539;0,766701539;0,630115217;0,237034823;4028,6812;0;3,82549103
CHF_2011;CH0010532478_2011;CH0010532478;CH;Healthcare;0;-25,69726354;206,0703427;180,3730791;0,763065932;-0,053555938;0,447140967;3,762339346;0,725497954;4205,1419;1;3,351238203
GBP_2011;GB00B1WY2338_2011;GB00B1WY2338;GB;Industrial Goods & Services;0;-236,0663564;4141,783029;3905,716673;0,020145495;0,10581748;0,619547836;2,106055802;0,366280673;3591,8033;1;3,636355365
EUR_2011;IT0003856405_2011;IT0003856405;IT;Industrial Goods & Services;0;-223;1798;1575;0,224299065;-0,076651522;0,849508057;0,982538036;0,557284346;1652,3539;1;4,485622067
USD_2011;GB0000456144_2011;GB0000456144;GB;Basic Resources;0;-47,25868726;47,25868726;0;0,715328467;0,105645354;0,3329973;4,855373998;0,408707241;11978,1588;1;3,95610907
EUR_2011;FI0009005987_2011;FI0009005987;FI;Basic Resources;-0,019429463;-548;1132;584;0,157894737;0,029696536;0,514133472;1,52507716;0,256871792;4467,4981;1;4,1872104
CHF_2011;CH0002497458_2011;CH0002497458;CH;Industrial Goods & Services;0;-137,2339551;681,2392144;544,0052593;0,346153846;0,112184874;0,570378151;2,382271468;0,542016807;12163,8321;1;3,592352062
EUR_2011;DE0006599905_2011;DE0006599905;DE;Healthcare;0;-1119,6;2489,9;1370,3;0,449752883;0,027915787;0,525616973;1,466507725;0,289203033;16745,4673;1;4,344787086
EUR_2011;ES0173093115_2011;ES0173093115;ES;Utilities;0;0;0;0;0;0,052518306;0,793103444;0,21994552;0,049355899;4472,7025;0;3,942775555
EUR_2011;DE0006231004_2011;DE0006231004;DE;Technology;0;-168;506;338;0,388888889;0,126681423;0,428741699;1,980548628;0,676145071;6320,4918;1;3,768860001
CHF_2011;CH0010645932_2011;CH0010645932;CH;Chemicals;-0,077873734;-367,326814;1508,751746;1141,424932;0,37254902;0,037522335;0,479600953;2,071308725;0,367629541;8264,0717;1;3,741855796
USD_2011;NL0000226223_2011;NL0000226223;NL;Technology;-0,011658674;-305,7915058;597,6833977;291,8918919;0,507462687;0,053745659;0,338845709;2,172051382;0,461385811;4836,5;1;3,970300196
EUR_2011;IT0001063210_2011;IT0001063210;IT;Media;0;-92,4;92,4;0;0,105263158;0,029303743;0,570771795;0,532589331;0,206350447;2525,4645;1;3,88525942
NOK_2011;NO0005052605_2011;NO0005052605;NO;Basic Resources;-0,006570907;-1017,795977;2637,97677;1620,180793;0,319227231;0,050583159;0,357484497;1,79982089;0,288071277;57394,0126;1;4,232206636
EUR_2011;FR0010613471_2011;FR0010613471;FR;Utilities;0;-382;771,7;389,7;0,397798742;0,011066056;0,747778279;0,873324908;0,309350096;4528,0081;1;4,431823551
EUR_2011;FR0000130403_2011;FR0000130403;FR;Personal & Household Goods;-0,002460601;-402;972;570;0,633333333;0,024977054;0,512918156;1,33375585;0,267131447;16648,011;1;4,709329333
GBP_2011;JE00BFNWV485_2011;JE00BFNWV485;JE;Industrial Goods & Services;0;-429,6455424;1490,63134;1060,985798;0,32967033;0,034399594;0,571464839;1,687107499;0,579715664;6076,2468;1;3,973223786
SEK_2011;SE0000103814_2011;SE0000103814;SE;Personal & Household Goods;-0,04398827;-251,3750574;2320,178337;2068,80328;0,186265287;0,027021366;0,729733976;1,146500546;0,563809175;34047,0631;1;3,932301728
EUR_2011;FR0000121220_2011;FR0000121220;FR;Travel & Leisure;0;-159;765;606;0,406779661;0,039530195;0,775177491;0,940488301;0,486195109;8716,1124;1;4,05724758
CHF_2011;CH0012549785_2011;CH0012549785;CH;Healthcare;0;-10,90311447;173,6864163;162,7833018;0,783157081;0,107887716;0,354723369;1,796453037;0,335834789;6535,0395;1;3,274049631
EUR_2011;FR0000121501_2011;FR0000121501;FR;Automobiles & Parts;0;0;0;0;0;0,008522851;0,789914627;1,033830822;0,628531258;2834,3357;0;4,83879244
EUR_2011;NL0000379121_2011;NL0000379121;NL;Industrial Goods & Services;-0,000784616;-24,6;81;56,4;0,766917293;0,022072159;0,627114284;1,284493508;0,450485562;3907,8943;1;3,890672468
EUR_2011;IT0003242622_2011;IT0003242622;IT;Utilities;0;0;0;0;0;0,03468199;0,783158741;1,259302765;0,236609993;5234,0192;0;4,10334867
EUR_2011;ES0116870314_2011;ES0116870314;ES;Utilities;0,00019354;-700;1595;895;0,04494382;0,028493398;0,689454217;1,269803169;0,227517096;13154,531;1;4,667471632
GBP_2011;GB00B70FPS60_2011;GB00B70FPS60;GB;Chemicals;-5,74054E-17;-156,1045471;1512,591001;1356,486454;0,318359375;0,0967653;0,530784782;1,736474325;0,502389267;5027,7;1;3,590637786
GBP_2011;GB00B39J2M42_2011;GB00B39J2M42;GB;Utilities;0;-232,7246688;2282,969328;2050,244659;0,1203125;0,031552817;0,824081828;1,092081311;0,071768952;4131,7153;1;4,078143381
SEK_2011;SE0000310336_2011;SE0000310336;SE;Personal & Household Goods;0;-57,69079972;260,2247141;202,5339143;0,27972028;0,174950024;1,110222651;1,180313958;0,383538981;52035,9;1;3,210876941
EUR_2011;NL0000288967_2011;NL0000288967;NL;Real Estate;1,25509E-19;-1,8;8,2;6,4;0;0,027407928;0,465620761;1,497942387;0,004572175;3101,4727;1;3,900978534
GBP_2011;GB00B01FLG62_2011;GB00B01FLG62;GB;Industrial Goods & Services;0;-341,3295143;2178,064208;1836,734694;0,090909091;0,032235085;0,725022262;1,505112474;0,393232413;3834,1982;1;3,82615757
USD_2011;NL0000240000_2011;NL0000240000;NL;Healthcare;0;0;0;0;0;0,025566139;0,319092239;1,553869247;0,199239016;2724,8;0;3,462508191
CHF_2011;CH0025238863_2011;CH0025238863;CH;Industrial Goods & Services;0;-214,4794149;311,4471197;96,96770482;0,4;0,097866797;0,608369972;1,241094148;0,6354014;12660;1;3,702984206
USD_2011;GB00B09LSH68_2011;GB00B09LSH68;GB;Telecommunications;0;-5,328185328;60,23166023;54,9034749;0,393939394;0,073127805;0,682878179;0,48846114;0,138452964;1812,4765;1;3,420369972
EUR_2011;FR0000073272_2011;FR0000073272;FR;Industrial Goods & Services;-0,007149068;-550;908;358;0,449275362;0,023089557;0,752584291;0,970430108;0,523137861;9677,1719;1;4,316012304
EUR_2011;BE0003810273_2011;BE0003810273;BE;Telecommunications;-0,005293551;-42;273;231;0,720930233;0,090952839;0,602622714;0,92699115;0,252045236;8193,728;1;3,919705535
EUR_2011;FR0000125585_2011;FR0000125585;FR;Retail;0;-167;216;49;0,708333333;0,018440145;0,684871692;0,882135985;0,369541851;7194,0475;1;4,47380801
EUR_2011;FR0000130577_2011;FR0000130577;FR;Media;0;-201;508;307;0,34375;0,036474164;0,761033435;0,921707152;0,578966565;6872,906;1;4,216165902
EUR_2011;ES0118900010_2011;ES0118900010;ES;Construction & Materials;0;-107;670;563;0,23255814;0,018500784;0,726275466;0,97812444;0,237462998;6839,9835;1;4,361198808
EUR_2011;FR0000121329_2011;FR0000121329;FR;Industrial Goods & Services;-0,028241323;-1559,8;4786,8;3227;0,241549296;0,024284121;0,804042609;0,925698553;0,631757254;4936,8155;1;4,323777887
EUR_2011;FR0000130213_2011;FR0000130213;FR;Media;0;-101;335;234;0,409090909;-0,079189068;0,661290323;1,006556442;0,395497312;2675,1193;1;3,950754182
GBP_2011;GB0006731235_2011;GB0006731235;GB;Food & Beverages;0;-42,96455424;3370,330588;3327,366034;0,215469613;0,053028818;0,394726524;1,24429583;0,310037248;8763,8333;1;4,085493129
GBP_2011;GB0004065016_2011;GB0004065016;GB;Real Estate;-6,39396E-05;-37,11660103;98,10239885;60,98579783;0,272727273;0,053661344;0,384836714;0,996732026;0,009750795;2561,0948;1;3,873097608
SEK_2011;SE0000695876_2011;SE0000695876;SE;Industrial Goods & Services;-0,030171289;-173,2964411;437,3298682;264,0334271;0,201877934;0,093412167;0,561081645;1,442029644;0,459612208;54697,1014;1;3,587156188
EUR_2011;IT0003826473_2011;IT0003826473;IT;Food & Beverages;0;0;0;0;0;0,046728193;0,226807775;3,690660403;0,556509239;2333,9239;0;3,681250285
DKK_2011;DK0060336014_2011;DK0060336014;DK;Healthcare;0;0;0;0;0;0,131917353;0,362519867;2,03182011;0,345976015;57622,5023;0;3,269999657
EUR_2011;GRS419003009_2011;GRS419003009;GR;Travel & Leisure;0;-20,7;20,7;0;0,5;0,357307255;0,408643855;1,502949246;0,189383655;2178,77;1;3,177302697
GBP_2011;GB0008021650_2011;GB0008021650;GB;Technology;0;-13,96348013;35,20706528;21,24358515;0,625;0,068895126;0,377465097;0,883800661;0,263113768;4441,5;1;3,515081113
GBP_2011;GB00B07KD360_2011;GB00B07KD360;GB;Industrial Goods & Services;3,11164E-17;-84,97434061;715,9565581;630,9822174;0,117647059;0,082285965;0,553711408;1,313351135;0,430786074;1978,1083;1;3,435408826
USD_2011;GB00B0HZPV38_2011;GB00B0HZPV38;GB;Basic Resources;0;-162,9343629;162,9343629;0;0,125;0,079277129;0,247123007;2,698641087;0,287784503;4911,7862;1;3,957065266
USD_2011;GB0031192486_2011;GB0031192486;GB;Basic Resources;0;0;0;0;0;0,056149733;0,312834225;1,657681941;0,126491156;1986,0425;0;3,574545186
EUR_2011;AT0000720008_2011;AT0000720008;AT;Telecommunications;0;-5,42;5,42;0;0;-0,033827175;0,881442578;0,726133055;0,23513117;3866,2;1;3,872086547
EUR_2011;FI0009007835_2011;FI0009007835;FI;Industrial Goods & Services;0;-237;559;322;0,305555556;0,053792687;0,67724388;1,296879643;0,65941372;4307,4787;1;3,820726763
GBP_2011;GB00B1YW4409_2011;GB00B1YW4409;GB;Financial Services;0,018913043;99,05716673;700,5609261;799,6180929;0,157894737;-0,170217391;0,428913043;0,010887772;0,002826087;1757,356;0;3,739565641
USD_2011;GB00B0H2K534_2011;GB00B0H2K534;GB;Oil & Gas;0;0;0;0;0;0,110261894;0,772326488;1,032352462;0,763727726;4983,2905;0;3,577235855
EUR_2011;AT0000937503_2011;AT0000937503;AT;Basic Resources;4,50706E-18;-307,8;762,9;455,1;0,221709007;0,026443347;0,616535476;1,258597996;0,460741693;5863,3;1;4,100787233
GBP_2011;GB0000282623_2011;GB0000282623;GB;Oil & Gas;0;-58,47953216;1931,018021;1872,538489;0,204081633;0,094501018;0,440325866;1,695652174;0,571894094;3014,9882;1;3,466859306
EUR_2011;NL0000008977_2011;NL0000008977;NL;Food & Beverages;0;-1040;6900;5860;0,172749392;0,026431231;0,627972131;0,764409807;0,173554024;9107,5252;1;4,433401767
GBP_2011;GB0031743007_2011;GB0031743007;GB;Personal & Household Goods;0;0;0;0;0;0,163665715;0,446541661;1,717158177;0,636284614;5197,916;0;3,283795504
EUR_2011;CH0037851646_2011;CH0037851646;CH;Healthcare;-0,013170114;-16,4;47,4;31;0,821428571;0,06716927;0,52468721;1,539380696;0,452015196;1057,6;1;2,772505069
GBP_2011;GB0007973794_2011;GB0007973794;GB;Industrial Goods & Services;1,78635E-17;-346,4613916;2431,674424;2085,213033;0,326657459;0,055026555;0,68454794;1,063489073;0,354797147;2358,5955;1;3,579521633
GBP_2011;GB00B1FH8J72_2011;GB00B1FH8J72;GB;Utilities;1,47356E-17;-348,6096193;2107,053348;1758,443728;0,18744839;0,02226802;0,872794909;1,522780904;0,108734819;4116,8;1;3,964149369
GBP_2011;GB00B5ZN1N88_2011;GB00B5ZN1N88;GB;Real Estate;3,42021E-18;-12,88936627;226,2799857;213,3906194;0,077669903;-0,005853245;0,507537979;2,136792453;0,008722106;1546,3976;1;3,79228467
USD_2011;GB00B29BCK10_2011;GB00B29BCK10;GB;Basic Resources;0;-40,92664093;40,92664093;0;0,25;0,127223511;0,27584429;1,899809765;0,193091003;8183,6513;1;4,078510003
GBP_2011;GB00BK1PTB77_2011;GB00BK1PTB77;GB;Industrial Goods & Services;4,00893E-18;-6,56402912;77,09750567;70,53347655;0,361702128;0,146750169;0,502764613;1,217211419;0,331979237;5378,528;1;3,325369551
GBP_2011;GB00B19NKB76_2011;GB00B19NKB76;GB;Retail;0;-8,950948801;902,613677;893,6627282;0,287878788;0,018160954;0,345058125;1,726538346;0,431871476;678,4131;1;3,679800532
EUR_2011;FI0009005961_2011;FI0009005961;FI;Basic Resources;-8,71158E-19;-329,5;1103;773,5;0,174774775;0,026132578;0,541522105;1,654511521;0,354624551;3724,3125;1;4,113913285
GBP_2011;GB00B1KJJ408_2011;GB00B1KJJ408;GB;Travel & Leisure;0;-714,5244063;2314,954052;1600,429646;0;0,090304054;0,566486486;0,403041825;0,050135135;2772,4826;1;3,548099521
SEK_2011;SE0000308280_2011;SE0000308280;SE;Automobiles & Parts;0;-556,4081596;702,035421;145,6272614;0,397590361;0,086196013;0,684271195;1,203188594;0,457052942;80180;1;4,087955251
EUR_2011;ES0130960018_2011;ES0130960018;ES;Utilities;0;0;0;0;0;0,047249468;0,75877935;1,008634089;0,258483201;3411,5131;0;3,887470954
USD_2011;GB0033277061_2011;GB0033277061;GB;Basic Resources;0;-45,63706564;82,54826255;36,91119691;0,460674157;0,001301854;0,598746041;1,296420856;0,229940459;3013,6167;1;4,549869225
EUR_2011;BE0003739530_2011;BE0003739530;BE;Healthcare;0;-216;688;472;0,408163265;0,025604707;0,474504249;1,058312655;0,185879277;5961,199;1;3,962748053
EUR_2011;IE0004906560_2011;IE0004906560;IE;Food & Beverages;6,53822E-18;-276,8;1041;764,2;0,233785822;0,068967495;0,647170172;1,29470305;0,308451243;4964,8263;1;3,718501689
EUR_2011;NL0000352565_2011;NL0000352565;NL;Oil & Gas;3,68005E-18;-86,2;329,4;243,2;0,342465753;0,074475702;0,56646567;1,728932213;0,38328385;3654,1386;1;3,586766723
EUR_2011;IT0001479374_2011;IT0001479374;IT;Personal & Household Goods;0;-128,2;483,8;355,6;0,474074074;0,052329343;0,580627652;1,266688357;0,28915362;10136,3764;1;3,936722596
EUR_2011;DE0008232125_2011;DE0008232125;DE;Travel & Leisure;0;-4755;12941;8186;0,437636761;-0,000462946;0,713542965;0,966370234;0,336668922;4206,157;1;4,44841257
DKK_2011;DK0060079531_2011;DK0060079531;DK;Industrial Goods & Services;0;-131,1612139;299,7201894;168,5589755;0,257142857;0,063341251;0,766473124;0,947780955;0,393595496;19570;1;3,485476668
EUR_2011;BE0003884047_2011;BE0003884047;BE;Chemicals;3,04977E-18;-193,7;319,5;125,8;0,526666667;0,087513062;0,536322701;1,434204926;0,61797741;3824,4001;1;3,569743663
DKK_2011;DK0010234467_2011;DK0010234467;DK;Construction & Materials;0;-29,19177787;105,4670684;76,27529057;0,352941176;0,055364135;0,651252937;1,125572519;0,577329679;17955,0003;1;3,536021705
EUR_2011;DE0006602006_2011;DE0006602006;DE;Industrial Goods & Services;-1,81909E-18;-501,5;610;108,5;0,242744063;0,050110751;0,652447917;1,150548314;0,442151785;4016,2005;1;3,794155471
EUR_2011;DE0006202005_2011;DE0006202005;DE;Basic Resources;0;-1893,2;1901;7,8;0,188968335;0,026477273;0,545488636;2,917065118;0,582352273;2321,5472;1;3,944482672
CHF_2011;CH0024638196_2011;CH0024638196;CH;Industrial Goods & Services;0;-333,6346454;1881,830882;1548,196236;0,398496241;0,076661434;0,631475667;1,52406577;0,66692831;13148,7068;1;3,798065787
SEK_2011;SE0000202624_2011;SE0000202624;SE;Healthcare;0;-186,8509785;293,1588793;106,3079008;0,205714286;0,060985314;0,647061661;1,69620085;0,307916757;41285,6016;1;3,667022893
EUR_2011;FR0010533075_2011;FR0010533075;FR;Industrial Goods & Services;-0,004987739;-41,8;229,7;187,9;0,341176471;0,001561717;0,667434732;2,235935706;0,059361024;2883,8163;1;3,858398767
USD_2011;GB00BN33FD40_2011;GB00BN33FD40;GB;Travel & Leisure;0;-80,30888031;608,4942085;528,1853282;0,152173913;0,154986523;0,813005391;0,62826087;0,194743935;3361,6415;1;3,360194128
GBP_2011;GB0000595859_2011;GB0000595859;GB;Technology;0;0;0;0;0;0,086661692;0,183557344;2,25905806;0,389362897;7999,0416;0;3,190681001
EUR_2011;DE0005909006_2011;DE0005909006;DE;Industrial Goods & Services;0;-301,6;554,1;252,5;0,298550725;0,02851184;0,767747034;0,970910235;0,599681331;3032,0677;1;3,887594797
GBP_2011;GB00B0744B38_2011;GB00B0744B38;GB;Industrial Goods & Services;7,25934E-18;-88,7934121;413,7725266;324,9791145;0,251141553;0,045159408;0,705734296;1,349573079;0,490078062;2922,7549;1;3,514780218
SEK_2011;SE0000869646_2011;SE0000869646;SE;Basic Resources;-0,014834508;-127,5918852;284,1972017;156,6053165;0,260606061;0,090043865;0,440861359;1,629950853;0,299774026;27487,8756;1;3,624660396
EUR_2011;DE0006070006_2011;DE0006070006;DE;Construction & Materials;-5,0605E-18;-172,9;943,2;770,3;0,211214953;-0,010147274;0,739785573;1,246969811;0,669927985;3441,515;1;4,198548912
EUR_2011;FR0000031122_2011;FR0000031122;FR;Travel & Leisure;0,10601457;696;14085;14781;0,361567636;-0,0161804;0,776915474;0,70055756;0,2345792;1192,7713;0;4,436433003
CHF_2011;CH0013841017_2011;CH0013841017;CH;Healthcare;-0,045156695;-322,9517627;1967,293944;1644,342181;0,423913043;0,021937322;0,664387464;1,991578947;0,26951567;2937,0656;1;3,761082221
GBP_2011;GB00B082RF11_2011;GB00B082RF11;GB;Industrial Goods & Services;0;149,6598639;1371,285356;1520,94522;0,022608696;-0,0387459;1,057924287;0,819462048;0,323475457;1136,9917;0;3,331814831
CHF_2011;CH0000587979_2011;CH0000587979;CH;Construction & Materials;-0,035374896;-175,1171008;588,2981346;413,1810338;0,574736842;0,05568609;0,519867377;2,500487329;0,535818713;4496,1169;1;3,497989238
EUR_2011;FR0000130650_2011;FR0000130650;FR;Technology;-0,003895605;-52,3;106,2;53,9;0,557692308;0,082229673;0,4075101;1,807042916;0,584827786;7618,6596;1;3,546145695
EUR_2011;ES0125220311_2011;ES0125220311;ES;Construction & Materials;0;0;0;0;0;0,00994065;0,722304254;1,069397763;0,310255898;4240,6917;0;4,308069869
EUR_2011;ES0143416115_2011;ES0143416115;ES;Oil & Gas;0;0;0;0;0;0,009076172;0,699527067;1,60723244;0,74902676;793,8009;0;3,750620155
EUR_2011;FI0009003727_2011;FI0009003727;FI;Industrial Goods & Services;-0,009130435;-49;318;269;0,545454545;0,061521739;0,637608696;1,393729829;0,657173913;4402,4214;1;3,662757832
GBP_2011;GB0003452173_2011;GB0003452173;GB;Travel & Leisure;0;-388,5905239;4313,760592;3925,170068;0,348551012;0,036931765;0,834164706;0,829186731;0,233374118;1628,4918;1;3,802106753
EUR_2011;GRS260333000_2011;GRS260333000;GR;Telecommunications;0;-285,1;285,1;0;0,479166667;0,013167013;0,806696807;0,920850656;0,253396253;1411,6331;1;3,958606881
EUR_2011;FR0000120164_2011;FR0000120164;FR;Oil & Gas;0;-40,07722008;89,11196911;49,03474903;0,466666667;-0,003419788;0,458881549;1,818851088;0,293489804;2753,256;1;3,74475442
GBP_2011;GB0008754136_2011;GB0008754136;GB;Food & Beverages;0;-50,12531328;1534,789354;1484,664041;0,101265823;0,104955265;0,635925671;2,010130246;0,4779766;3286,9031;1;3,54010342
GBP_2011;GB0031638363_2011;GB0031638363;GB;Industrial Goods & Services;2,04579E-18;-13,48609619;128,8936627;115,4075665;0,338028169;0,079926293;0,685304618;1,610520991;0,366693539;3259,2297;1;3,316507606
EUR_2011;FI0009007884_2011;FI0009007884;FI;Telecommunications;-0,001350405;-2,5;45,1;42,6;0,052631579;0,100780234;0,579723917;0,815160113;0,201160348;2688,2704;1;3,300899688
GBP_2011;GB00B1VYCH82_2011;GB00B1VYCH82;GB;Travel & Leisure;0;-123,1650555;1010,263755;887,0986991;0,187617261;-0,077834913;0,823133726;0,434985993;0,246031271;129,0611;1;3,902220944
EUR_2011;DE0005470405_2011;DE0005470405;DE;Chemicals;0,013666764;-378;1534;1156;0,198198198;0,073567898;0,698458854;1,622307324;0,492730445;3328,1079;1;3,837462171
SEK_2011;SE0000163594_2011;SE0000163594;SE;Industrial Goods & Services;0;-162,8224804;394,9971435;232,1746631;0,378366446;0,047337617;0,748939083;1,006579379;0,418083041;21684,498;1;3,613567602
GBP_2011;GB00B18V8630_2011;GB00B18V8630;GB;Utilities;0;-102,3988543;644,4683136;542,0694594;0,389010989;0,04036809;0,807502283;1,019405881;0,159903529;2574,469;1;3,707306875
EUR_2011;DE000WCH8881_2011;DE000WCH8881;DE;Chemicals;-0,049991983;-826,7;2248,9;1422,2;0,356950067;0,05653359;0,578371012;1,998573085;0,359307359;3241,2841;1;3,794975744
EUR_2011;FI0009005318_2011;FI0009005318;FI;Automobiles & Parts;0;0;0;0;0;0,164667626;0,367663522;2,687848384;0,642624873;3223,6691;0;3,273209683
EUR_2011;NL0000400653_2011;NL0000400653;NL;Technology;0;-53,8;95,5;41,7;0,522727273;0,066638503;0,289405144;2,004791716;0,441963657;3307,6339;1;3,384092185
EUR_2011;CH0043238366_2011;CH0043238366;CH;Food & Beverages;-4,55167E-18;-12,1;145,3;133,2;0,360465116;0,041915742;0,567057854;1,125530402;0,238932953;4168,1981;1;3,705302529
GBP_2011;GB0030646508_2011;GB0030646508;GB;Automobiles & Parts;0;-1035,923141;4249,910491;3213,987349;0,182692308;0,054845685;0,680754865;1,078857143;0,371142127;2842,2478;1;3,783269547
USD_2011;NL0000360618_2011;NL0000360618;NL;Oil & Gas;-0,001190913;-6,718146718;58,14671815;51,42857143;0,452380952;-0,089348119;0,744987629;0,860453488;0,326286219;2729,3312;1;3,611190912
EUR_2011;DE0007042301_2011;DE0007042301;DE;Healthcare;0;-8,9;8,9;0;0,727272727;0,04916566;0,496527691;1,746024886;0,292640142;2034,775;1;3,501779976
USD_2011;CH0025751329_2011;CH0025751329;CH;Technology;1,55486E-18;-23,32046332;58,76447876;35,44401544;0,721311475;0,038490833;0,380422991;2,182360888;0,573412034;1527;1;3,156423782
SEK_2011;SE0001662230_2011;SE0001662230;SE;Personal & Household Goods;-0,020135381;-150,1081002;350,9617;200,8535998;0,348258706;0,034017112;0,574339415;2,168044937;0,477442188;18269,334;1;3,51323709
EUR_2011;ES0130670112_2011;ES0130670112;ES;Utilities;0;-977;2157;1180;0,165680473;0,037669658;0,57972446;1,508877462;0,264845626;16781,2208;1;4,768793443
EUR_2011;AT0000746409_2011;AT0000746409;AT;Utilities;0;-225,2;373;147,8;0,053475936;0,029733939;0,58434344;1,493255965;0,13141203;7309,6;1;4,074059422
GBP_2011;GB0005758098_2011;GB0005758098;GB;Industrial Goods & Services;0;-381,7878028;1079,842463;698,0546605;0,233716475;0,046386192;0,550111638;1,481591828;0,174656933;2747,2564;1;3,677355999
GBP_2011;GB0000961622_2011;GB0000961622;GB;Construction & Materials;0;-328,201456;3478,935434;3150,733978;0,262626263;0,031531532;0,781185031;0,810055866;0,477304227;1818,2544;1;3,838134132
USD_2011;IE0003072950_2011;IE0003072950;IE;Healthcare;-0,022351465;-9,420849421;76,98841699;67,56756757;0,425;0,319591744;0,542821302;1,874773797;0,29535865;6315,8958;1;3,131710297
EUR_2011;FR0010307819_2011;FR0010307819;FR;Industrial Goods & Services;0;-164,7;286,1;121,4;0,307189542;0,07191045;0,55687777;1,394363992;0,267643303;6545,1146;1;3,823180688
EUR_2011;NL0009432491_2011;NL0009432491;NL;Industrial Goods & Services;-0,025328994;47,2;779,4;826,6;0,229287091;0,092542805;0,566577048;0,732702653;0,093155983;5218,8803;0;3,627386342
CHF_2011;CH0008038389_2011;CH0008038389;CH;Real Estate;-0,000336729;3,040512778;259,1009943;262,1415071;0,385245902;0,041226302;0,600140799;0,689859363;0,010172464;3422,2;0;3,849862695
EUR_2011;SE0000103699_2011;SE0000103699;SE;Industrial Goods & Services;-0,007391882;-76,9;490,8;413,9;0,594339623;0,055242622;0,52733125;1,108483594;0,210528286;36429,3163;1;3,727842068
CHF_2011;CH0012142631_2011;CH0012142631;CH;Chemicals;-0,03700033;-522,6394938;1791,437259;1268,797765;0,352;0,024997247;0,666776787;1,238654395;0,42979848;2741,6127;1;3,872878785
EUR_2011;FR0006174348_2011;FR0006174348;FR;Industrial Goods & Services;2,0432E-18;-44,6;89,8;45,2;0,526315789;0,085576259;0,688233264;1,127009646;0,362836439;6154,5922;1;3,541279627
GBP_2011;GB0007739609_2011;GB0007739609;GB;Industrial Goods & Services;1,69532E-17;-54,54111469;1031,50734;976,9662251;0,137065637;0,05067761;0,497089139;1,10302795;0,338972132;1939,4942;1;3,699146195
GBP_2011;GB0033986497_2011;GB0033986497;GB;Media;0;-465,4493376;3623,344074;3157,894737;0,046052632;0,084560082;0,723040055;1,965517241;0,507360493;2650,442;1;3,542339367
EUR_2011;DE000A0D9PT0_2011;DE000A0D9PT0;DE;Industrial Goods & Services;0;-531;558;27;0,305882353;0,042315305;0,757636548;0,99175633;0,495559835;2570,8799;1;3,572709002
CHF_2011;CH0010570759_2011;CH0010570759;CH;Food & Beverages;-0,009022258;589,941655;370,4495028;960,3911579;0,451476793;0,097972973;0,356478537;2,407353157;0,653219396;5599;0;3,315455746
EUR_2011;ES0118594417_2011;ES0118594417;ES;Technology;0;0;0;0;0;0,051349346;0,697235773;1,246252969;0,647034843;1614,5715;0;3,547141256
EUR_2011;IT0001233417_2011;IT0001233417;IT;Utilities;0;0;0;0;0;-0,038691847;0,669000461;1,222891566;0,280515891;2276,0556;0;4,035629828
GBP_2011;GB0002405495_2011;GB0002405495;GB;Financial Services;0,000568968;66,47571309;845,0889128;911,5646259;0,077348066;0,022744296;0,86304448;0,023197454;0,005459207;3570,5944;0;4,219347438
EUR_2011;FR0000120560_2011;FR0000120560;FR;Technology;0;0;0;0;0;0,06874021;0,6881629;0,671035979;0,332199597;1717,954;0;3,349180359
SEK_2011;SE0000111940_2011;SE0000111940;SE;Financial Services;0,004483743;-25,87684415;61,94759659;36,07075244;0,661538462;0,013050448;0,632909173;0,271860618;0,020715395;26364,8111;1;3,650511621
EUR_2011;ES0184933812_2011;ES0184933812;ES;Industrial Goods & Services;0,020036746;-1,6;45,5;43,9;0,489361702;0,34707222;0,564674859;1,088144433;0,545702565;3889,1009;1;2,747390831
EUR_2011;DE0007030009_2011;DE0007030009;DE;Automobiles & Parts;0;-732;1778;1046;0,289156627;0,044081126;0,680049669;1,481203008;0,530008278;1355,6718;1;3,684126926
EUR_2011;FR0010340141_2011;FR0010340141;FR;Industrial Goods & Services;0,002100698;-298,6;300,2;1,6;0,470817121;0,039282262;0,59347146;1,205020971;0,223696325;5244,9119;1;3,947149328
CHF_2011;CH0102659627_2011;CH0102659627;CH;Financial Services;-0,023622047;-48,73038047;251,5408004;202,8104199;0,553191489;-0,039163953;0,134476646;0,017126149;0,005070701;1762;1;3,299582197
EUR_2011;ES0122060314_2011;ES0122060314;ES;Construction & Materials;-0,002374433;-132;228,5;96,5;0,596226415;0,004822281;0,870143923;0,948003608;0,506667634;2551,1582;1;4,351167342
GBP_2011;GB0009465807_2011;GB0009465807;GB;Industrial Goods & Services;2,49989E-17;-101,0860485;824,5614035;723,4753551;0,036414566;0,105161313;0,606621398;1,430689959;0,400520705;4294,4613;1;3,530477725
EUR_2011;SE0001174889_2011;SE0001174889;SE;Healthcare;0;0;0;0;0;0,120218711;0,730181135;2,081573347;0,683245014;12387,4959;0;2,919245499
GBP_2011;GB00B1VNSX38_2011;GB00B1VNSX38;GB;Utilities;0;-44,15801408;217,6870748;173,5290607;0,377622378;0,23116728;0,351477759;1,845795481;0,394268086;1988,5017;1;3,379960651
EUR_2011;NL0000852580_2011;NL0000852580;NL;Construction & Materials;0;-67,5;696,7;629,2;0,342342342;0,054401359;0,62613642;0,840402903;0,365360841;2937,5616;1;3,669658044
EUR_2011;DE000SYM9999_2011;DE000SYM9999;DE;Chemicals;0,00209706;-286,3;317,3;31;0,475609756;0,069839232;0,564509841;1,964615366;0,382136198;2436,7336;1;3,321841915
CHF_2011;CH0018294154_2011;CH0018294154;CH;Real Estate;-0,001404746;-9,861122524;45,60769168;35,74656915;0,482758621;0,066765759;0,459768736;0,45515261;0,002331383;2795,7;1;3,696566233
CHF_2011;CH0012280076_2011;CH0012280076;CH;Healthcare;-0,042402914;-29,25466349;118,3334703;89,0788068;0,795180723;0,087458475;0,172751197;5,013769534;0,685364215;2000;1;2,823907849
NOK_2011;NO0010112675_2011;NO0010112675;NO;Oil & Gas;0;-15,58113781;31,03350588;15,45236808;0,655172414;-0,409889661;0,501757254;2,506685941;0,283449121;3310,545;1;3,498447768
CHF_2011;CH0021783391_2011;CH0021783391;CH;Financial Services;-0,00049604;-229,5176268;1143,808037;914,2904101;0,230769231;-0,002799393;0,290347487;0,076892008;0,006569299;4207,2;1;4,279925984
USD_2011;GB00B5N0P849_2011;GB00B5N0P849;GB;Oil & Gas;3,66165E-18;-35,36679537;159,6138996;124,2471042;0,419354839;0,011878382;0,491239371;1,333444061;0,517160526;2379,8753;1;3,476673874
EUR_2011;FI0009800643_2011;FI0009800643;FI;Construction & Materials;-0,01546583;-57,3;126,4;69,1;0,515789474;0,035497218;0,737137965;1,576349336;0,829219575;1575,0256;1;3,544626064
GBP_2011;GB0006825383_2011;GB0006825383;GB;Personal & Household Goods;0;-71,01086048;468,5523332;397,5414727;0,115226337;0,042353124;0,285320174;3,740555952;0,81566677;1420,2901;1;3,487348857
EUR_2011;FR0010040865_2011;FR0010040865;FR;Financial Services;0;0;0;0;0;0,034190454;0,4755238;1,028424314;0,003670012;4072,2759;0;4,080174643
EUR_2011;FI0009013296_2011;FI0009013296;FI;Oil & Gas;-0,001512651;-57;334;277;0,25;0,021727173;0,660753575;1,171210906;0,401677668;2001,2308;1;3,86165387
USD_2011;NO0010199151_2011;NO0010199151;NO;Oil & Gas;-0,011889663;-51,73745174;143,0888031;91,35135135;0,264150943;0,010739266;0,435260149;1,637821555;0,277813921;14255,0102;1;3,384269531
EUR_2011;FI0009007694_2011;FI0009007694;FI;Media;0,002194857;15,7;515,3;531;0,302670623;0,019522676;0,647852506;0,430913349;0,148788208;1443,3159;0;3,636317355
EUR_2011;DE000A0CAYB2_2011;DE000A0CAYB2;DE;Technology;7,6426E-18;-22,2;213;190,8;0,43030303;0,081931452;0,74767135;0,845286858;0,564285113;1142,425;1;3,116411802
EUR_2011;PTBRI0AM0000_2011;PTBRI0AM0000;PT;Construction & Materials;0;0;0;0;0;-0,012672192;0,795990468;1,379885079;0,16738701;1527;0;3,811792836
EUR_2011;FR0000054900_2011;FR0000054900;FR;Media;0;-20,9;26,4;5,5;0,518518519;0,054465776;0,526830432;1,137291826;0,576138803;1591,6109;1;3,525614849
GBP_2011;GB00B61TVQ02_2011;GB00B61TVQ02;GB;Retail;7,18502E-18;-17,78255162;1055,018499;1037,235947;0,141453831;0,044243933;0,577629123;1,399609551;0,579962663;1353,4038;1;3,583853682
EUR_2011;ES0171996012_2011;ES0171996012;ES;Healthcare;0;0;0;0;0;0,008662094;0,71331356;2,986045007;0,332181246;3723,2377;0;3,764005521
GBP_2011;GB0009697037_2011;GB0009697037;GB;Industrial Goods & Services;5,86667E-17;-256,2358277;3335,242869;3079,007041;0,253303965;0,033626902;0,693087804;0,833351487;0,255237523;2641,3114;1;3,55358149
EUR_2011;DE0003304002_2011;DE0003304002;DE;Technology;0;-32;76;44;0,539473684;0,105289776;0,433875867;1,505077772;0,341694954;2479,3678;1;3,225488908
EUR_2011;FI0009000202_2011;FI0009000202;FI;Retail;0;210,3;292,4;502,7;0,327272727;0,043317422;0,467064439;1,3251277;0,513890215;2524,6439;0;3,622214023
EUR_2011;ES0132105018_2011;ES0132105018;ES;Basic Resources;0;0;0;0;0;0,018109059;0,537929398;1,514326228;0,44698717;2470,6076;0;3,609724785
DKK_2011;DK0060448595_2011;DK0060448595;DK;Healthcare;0;-22,86913474;47,0835127;24,21437796;0,125;0,197331308;0,514211326;2,379012937;0,538620091;37170,0012;1;3,093437516
EUR_2011;AT0000831706_2011;AT0000831706;AT;Construction & Materials;-3,44729E-18;-68,2;248,9;180,7;0,175572519;0,002172314;0,403268829;1,612664936;0,337927416;1003,2;1;3,615142966
EUR_2011;FR0000051732_2011;FR0000051732;FR;Technology;2,47148E-17;-102,2;3554,1;3451,9;0,252861602;0,024650134;0,683878324;0,988904342;0,443987458;2800,9727;1;3,867296565
GBP_2011;GB0002652740_2011;GB0002652740;GB;Real Estate;0;-1,79018976;17,54385965;15,75366989;0,142857143;0,084076011;0,368601311;44;0,05671356;1585,5996;1;3,510641623
EUR_2011;AT0000730007_2011;AT0000730007;AT;Industrial Goods & Services;-3,11191E-18;-85,3;217,5;132,2;0,428571429;0,050509766;0,794404461;1,178653944;0,735624431;3817,5;1;3,659593163
NOK_2011;NO0010215684_2011;NO0010215684;NO;Oil & Gas;0;-109,9693528;303,1239537;193,1546009;0,577464789;0,152966698;0,668239916;1,223312718;0,533477955;17248,3;1;3,642720981
EUR_2011;IE0002424939_2011;IE0002424939;IE;Industrial Goods & Services;9,3858E-19;-19,3;103,1;83,8;0,307692308;0,038517627;0,732120241;1,37105014;0,635844269;1526,9011;1;3,578089061
EUR_2011;FR0000131757_2011;FR0000131757;FR;Industrial Goods & Services;-0,009046183;-192;402;210;0,384615385;0,030947469;0,352642438;2,875;0,511029995;2505,5258;1;3,79940948
SEK_2011;SE0000221723_2011;SE0000221723;SE;Healthcare;-0,008316545;-124,2312561;200,9656208;76,73436467;0,159574468;0,041737693;0,6133323;0,995231472;0,129371352;21640,6062;1;3,637212246
GBP_2011;GB0031698896_2011;GB0031698896;GB;Travel & Leisure;1,96467E-17;-40,69698055;368,6597446;327,9627641;0,111731844;0,063706243;0,502516175;0,638479441;0,091024719;1424,0567;1;3,334078292
GBP_2011;GB00B1Z7RQ77_2011;GB00B1Z7RQ77;GB;Travel & Leisure;0;-613,4383578;2071,846282;1458,407925;0,282051282;0,009389153;0,785927317;0,513763198;0,301005192;1853,6618;1;4,03360033
EUR_2011;GRS434003000_2011;GRS434003000;GR;Utilities;-0,011613234;-434,4;434,4;0;0,172774869;-0,008948558;0,612570085;0,827735534;0,166798059;881,6;1;4,221278686
EUR_2011;FI0009002422_2011;FI0009002422;FI;Basic Resources;0;-49;427;378;0,192307692;-0,034495902;0,602820659;1,296831573;0,44463503;929,735;1;3,719911064
EUR_2011;FR0000121121_2011;FR0000121121;FR;Industrial Goods & Services;9,75914E-19;-127,7;201,2;73,5;0,4;-0,006697351;0,733540641;2,255576485;0,106247818;1736,1196;1;4,163208471
USD_2011;GB00B2QPKJ12_2011;GB00B2QPKJ12;GB;Basic Resources;-1,24248E-18;-7,104247104;29,4980695;22,39382239;0,205882353;0,315364428;0,248305579;3,778333476;0,384951094;10951,0365;1;3,344002714
GBP_2011;GB00B0ZSH635_2011;GB00B0ZSH635;GB;Travel & Leisure;0;44,63539802;290,3687791;335,0041771;0,210191083;0,113883804;0,70449947;0,381513205;0,102996435;1180,2358;0;3,092963322
USD_2011;GB00B43G0577_2011;GB00B43G0577;GB;Oil & Gas;0,004036612;-2,239382239;24,16988417;21,93050193;0,1;0,044017072;0,659690441;0,896229526;0,209621021;1699,0571;1;3,477612841
EUR_2011;PTCPR0AM0003_2011;PTCPR0AM0003;PT;Construction & Materials;0;-6,5;76,9;70,4;0,2;0,037832836;0,602000024;1,435176274;0,261685518;3258,4;1;3,719085725
GBP_2011;GB0004161021_2011;GB0004161021;GB;Industrial Goods & Services;2,62924E-17;-14,2021721;539,9212317;525,7190596;0,137184116;0,091198907;0,776386201;1,287047323;0,659569623;890,466;1;3,020450692
EUR_2011;DE0007251803_2011;DE0007251803;DE;Healthcare;1,52664E-18;-33,6;63,8;30,2;0,416666667;0,007870436;0,691443276;1,860678319;0,452553981;1133,4092;1;3,447133989
EUR_2011;NL0000289213_2011;NL0000289213;NL;Real Estate;-0,000461505;1;60,3;61,3;0,27027027;0,015783772;0,472659994;0,399959016;0,00300255;1112,3803;0;3,51191503
EUR_2011;ES0127797019_2011;ES0127797019;ES;Utilities;0;0;0;0;0;0,006785483;0,582342137;0,822165127;0,068200367;3410,7;0;4,115872573
EUR_2011;FR0010313833_2011;FR0010313833;FR;Chemicals;0;-267;510;243;0,333333333;-0,003563391;0,584208552;1,285463072;0,411290323;3383,6601;1;3,726890141
EUR_2011;FR0000121204_2011;FR0000121204;FR;Financial Services;0,001665964;-52,6;234,1;181,5;0,424418605;0,034596744;0,782838592;1,370483357;0,266238213;2603,7884;1;4,181454835
SEK_2011;SE0000163628_2011;SE0000163628;SE;Healthcare;0;-6,83327919;6,83327919;0;0,666666667;0,080538234;0,671151953;1,617283951;0,524515917;28193,0469;1;3,232141789
EUR_2011;GB00B1CRLC47_2011;GB00B1CRLC47;GB;Basic Resources;0;-168;489;321;0,195121951;0,058458813;0,462356067;1,281776417;0,296545616;2212,2674;1;3,751663946
GBP_2011;GB0030232317_2011;GB0030232317;GB;Industrial Goods & Services;0;0;0;0;0;0,163021943;0,482184483;1,602706154;0,759390886;1057,8745;0;2,619345686
EUR_2011;FR0000130338_2011;FR0000130338;FR;Automobiles & Parts;0;-781;1132;351;0,333333333;0,049871525;0,757066106;1,054928131;0,480028031;2414,6904;1;3,932575223
GBP_2011;GB0009457366_2011;GB0009457366;GB;Media;7,72714E-17;-401,2411982;2292,755699;1891,514501;0,157943067;0,050568671;0,943586026;0,711494832;0,255788663;1548,6024;1;3,420590464
EUR_2011;FI0009003552_2011;FI0009003552;FI;Industrial Goods & Services;0;-30;170;140;0,3;-0,003763643;0,520511855;1,624833111;0,458035378;998,1306;1;3,424391554
EUR_2011;FI0009004824_2011;FI0009004824;FI;Chemicals;-0,002727443;-10,5;366,1;355,6;0,220657277;0,05066318;0,487838595;1,273619632;0,310255931;1426,0451;1;3,427567248
GBP_2011;GB0007365546_2011;GB0007365546;GB;Industrial Goods & Services;7,6832E-17;-364,9600191;2630,02745;2265,06743;0,055276382;0,036386246;0,734402033;0,898610812;0,4511516;1294,2059;1;3,644915622
EUR_2011;FI0009014377_2011;FI0009014377;FI;Healthcare;-0,041714799;4,9;215,4;220,3;0,28358209;0,268900013;0,358362213;2,710417893;0,591066615;2131,8121;0;2,891593204
EUR_2011;BE0003735496_2011;BE0003735496;BE;Telecommunications;0;0;0;0;0;0,159985899;0,714823638;0,51584444;0,225245982;2429,9832;0;3,140351832
GBP_2011;GB0000811801_2011;GB0000811801;GB;Personal & Household Goods;3,71989E-18;-14,08282611;299,0810359;284,9982098;0;-0,002889871;0,386405043;3,304506934;0,718572655;896,9204;1;3,75580847
EUR_2011;FR0000044448_2011;FR0000044448;FR;Industrial Goods & Services;0;-392;843;451;0,352941176;-0,032106782;0,653679654;1,710179076;0,65458153;1151,7963;1;3,743823222
USD_2011;SE0000825820_2011;SE0000825820;SE;Oil & Gas;0;0;0;0;0;0,059531723;0,602108445;0,739803632;0,110784462;53790,4759;0;3,31747347
EUR_2011;DE000CLS1001_2011;DE000CLS1001;DE;Healthcare;-6,46367E-18;-276,3;712,7;436,4;0,416342412;0,000250162;0,706878319;1,303332999;0,590496117;2082,024;1;3,944201277
USD_2011;NO0003078800_2011;NO0003078800;NO;Oil & Gas;0;0;0;0;0;0,128030531;0,270151412;2,902800409;0,47435909;13700,8176;0;3,012619673
EUR_2011;FR0000120966_2011;FR0000120966;FR;Personal & Household Goods;0;-117;435,7;318,7;0,302919708;0,11433827;0,294832689;3,63457167;0,580236404;3267,3131;1;3,318168138
EUR_2011;BE0974258874_2011;BE0974258874;BE;Industrial Goods & Services;-3,40861E-18;-105,8;250;144,2;0,452261307;0,04620728;0,576306665;1,794150298;0,544262378;1486,4358;1;3,620042833
NOK_2011;NO0003054108_2011;NO0003054108;NO;Food & Beverages;0;0;0;0;0;0,04895869;0,524231414;3,397460165;0,433199056;9260,829;0;3,467531444
EUR_2011;FR0000125684_2011;FR0000125684;FR;Industrial Goods & Services;-0,001400261;-56,7;72,3;15,6;0,361702128;0,075822844;0,493488151;1,906963524;0,440894041;3656,5408;1;3,497243776
CHF_2011;CH0038388911_2011;CH0038388911;CH;Industrial Goods & Services;-0,02187032;-139,7814118;1667,762347;1527,980935;0,320910973;0,061624526;0,536648753;1,523101988;0,514756409;3508,6;1;3,571839224
EUR_2011;IT0004176001_2011;IT0004176001;IT;Industrial Goods & Services;0;-188;396;208;0,19047619;-0,023117457;0,812340643;1,027138643;0,591874894;2057,1056;1;3,769598848
EUR_2011;FR0004035913_2011;FR0004035913;FR;Technology;0;0;0;0;0;0,065190038;0,605138185;0,753999116;0,169812338;5223,3015;0;3,586517317
SEK_2011;SE0000114837_2011;SE0000114837;SE;Chemicals;-0,009166638;-89,16869238;173,1844201;84,01572774;0,373737374;0,063399672;0,529329755;1,276655052;0,383116657;16196,5396;1;3,507045016
EUR_2011;DE0005773303_2011;DE0005773303;DE;Industrial Goods & Services;-4,81429E-19;-20,7;37,6;16,9;0,5;0,026061316;0,690950089;1,694308943;0,158145787;3494,3243;1;3,964938127
GBP_2011;JE00B2R84W06_2011;JE00B2R84W06;JE;Media;-1,37056E-17;-30,55257191;583,6018618;553,0492899;0,022988506;0,044928482;0,755475102;0,628898321;0,202267197;1168,5311;1;3,30338194
GBP_2011;GB0002335270_2011;GB0002335270;GB;Chemicals;2,84929E-17;-237,3791622;1010,144409;772,7652464;0,186180422;0,167819549;0,733132832;1,776553106;0,355488722;2440,8806;1;3,075720714
EUR_2011;FR0000035081_2011;FR0000035081;FR;Real Estate;0;0;0;0;0;0,012775076;0,623616033;0,22977707;0,019821973;3160,5267;0;3,862119448
GBP_2011;GB00B02L3W35_2011;GB00B02L3W35;GB;Personal & Household Goods;0;0,59672992;14,79890202;15,39563194;0;0,073609441;0,489264816;1,948800348;0,914666024;1675,1328;0;3,409939174
DKK_2011;DK0010268440_2011;DK0010268440;DK;Healthcare;0;-7,129789066;21,65841584;14,52862678;0,692307692;0,156683233;0,567878629;1,18672785;0,439707036;27867,9123;1;3,012235106
EUR_2011;NL0000375400_2011;NL0000375400;NL;Food & Beverages;-0,011375226;-32,7;134,9;102,2;0,240506329;0,051188515;0,653565545;1,20303757;0,590334981;1876;1;3,406437981
EUR_2011;IT0003261697_2011;IT0003261697;IT;Financial Services;0;0;0;0;0;0,051288002;0,7273417;0,159590053;0,017155506;887,4617;0;3,195477878
EUR_2011;GRS314003005_2011;GRS314003005;GR;Financial Services;1,6042E-19;-31,8;34,1;2,3;0,238095238;-0,092335856;0,627850074;0,104570135;0,009457194;284,2511;1;3,653065794
EUR_2011;ES0178165017_2011;ES0178165017;ES;Oil & Gas;0;-5,7;5,7;0;0,7;0,047848507;0,870958436;1,137555546;0,955265921;1551,9524;1;3,432552264
NOK_2011;NO0003028904_2011;NO0003028904;NO;Media;-0,014446621;-217,7496201;594,5298617;376,7802416;0,513595166;0,045421156;0,592372674;0,739088451;0,234267875;16081,7362;1;3,322959523
CHF_2011;CH0015536466_2011;CH0015536466;CH;Retail;-0,013262016;-27,28243898;604,8976909;577,6152519;0,568232662;0,071646356;0,613828397;1,523893521;0,405302944;3571,75;1;3,408085613
GBP_2011;GB00B0WMWD03_2011;GB00B0WMWD03;GB;Industrial Goods & Services;0;-148,7050961;1319,608545;1170,903449;0,277912621;0,180374878;0,580780529;0,936241052;0,393341726;875,7917;1;3,232083102
GBP_2011;GB0004564430_2011;GB0004564430;GB;Financial Services;0;0;0;0;0;0,070893415;0,453823275;0,067402673;0,004367305;914,2551;0;3,501052231
CHF_2011;CH0024608827_2011;CH0024608827;CH;Financial Services;-0,004274683;-2,629632673;29,41901553;26,78938286;0,804347826;0,278662438;0,211973249;0,076986036;0,010506067;3550;1;2,775202904
EUR_2011;DE000KC01000_2011;DE000KC01000;DE;Industrial Goods & Services;-0,024288943;-268,5;877,6;609,1;0,353065539;0,002461832;0,608308603;2,550762621;0,724905516;989,52;1;3,672637618
EUR_2011;FI0009005870_2011;FI0009005870;FI;Industrial Goods & Services;4,91282E-18;-63,2;108,1;44,9;0,328947368;0,045271948;0,696638466;1,307751774;0,691259237;919,53;1;3,160259587
GBP_2011;GB00B45C9X44_2011;GB00B45C9X44;GB;Industrial Goods & Services;-3,10498E-18;-30,07518797;77,81358157;47,7383936;0,272727273;0,064586611;0,584513197;1,391612903;0,377031987;772,3612;1;3,135309753
EUR_2011;BE0003764785_2011;BE0003764785;BE;Financial Services;0;-1391;1391;0;0,516;0,027238788;0,637085115;0,663010294;0,325921258;1930,7612;1;3,814025263
GBP_2011;GB00B0SWJX34_2011;GB00B0SWJX34;GB;Financial Services;-6,24817E-05;37,23594701;299,4390739;336,6750209;0,103658537;0,005096163;0,98584692;462,2166667;0,974702724;2155,3142;0;5,087234982
EUR_2011;FR0010096479_2011;FR0010096479;FR;Healthcare;0;-60,1;149,9;89,8;0,478991597;0,089774146;0,373794121;1,381427072;0,44824651;2179,4225;1;3,246055197
EUR_2011;ES0112501012_2011;ES0112501012;ES;Food & Beverages;-2,62134E-18;-27,6;68,9;41,3;0,4;0,055907014;0,413983874;1,557793947;0,313489446;2207,9686;1;3,433066716
GBP_2011;JE00B3CM9527_2011;JE00B3CM9527;JE;Financial Services;0,012660474;188,8053467;436,3289175;625,1342642;0,154929577;0,020114773;0,534165533;0,267493357;0,053599953;1123,2864;0;3,304771601
GBP_2011;GB0000031285_2011;GB0000031285;GB;Financial Services;-2,46178E-18;-25,54004058;177,1094403;151,5693997;0;0,058691058;0,572289783;4,670131947;0,404670339;2426,65;1;3,537149279
EUR_2011;ES0152503035_2011;ES0152503035;ES;Media;0;0;0;0;0;0,056403878;0,272318061;0,836692788;0,212946471;1794,2587;0;3,29212798
EUR_2011;DE0005785604_2011;DE0005785604;DE;Healthcare;0;-493;753;260;0,351851852;0,026214809;0,58610995;1,194221777;0,271684207;11665,2582;1;4,420302385
EUR_2011;FR0000051807_2011;FR0000051807;FR;Industrial Goods & Services;0;0;0;0;0;0,049316035;0,317081357;1,462950312;0,401715057;972,0706;0;3,272091196
EUR_2011;BE0003826436_2011;BE0003826436;BE;Telecommunications;-0,001298799;-1,9;12;10,1;0,714285714;0,004751627;1,070087985;0,839253343;0,152283317;3318,2983;1;3,549215941
GBP_2011;GB00B3DGH821_2011;GB00B3DGH821;GB;Industrial Goods & Services;0;-119,9427139;881,9668218;762,0241079;0,16344086;0,077394073;1,111682586;0,612265416;0,447465099;885,0812;1;2,68778719
EUR_2011;BE0003593044_2011;BE0003593044;BE;Real Estate;0;0;0;0;0;0,03359053;0,570538584;6,795924366;0,019656322;1379,9281;0;3,547644397
USD_2011;IE0000590798_2011;IE0000590798;IE;Oil & Gas;0;0;0;0;0;0,193480951;0,227603656;3,090258288;0,595986294;2802,4588;0;3,412945741
EUR_2011;DE0006969603_2011;DE0006969603;DE;Personal & Household Goods;-1,37606E-18;-29,8;64,4;34,6;0,619047619;0,089123867;0,378263227;2,043017159;0,664071578;3393,5626;1;3,411922596
EUR_2011;DE0005089031_2011;DE0005089031;DE;Technology;0;0;0;0;0;0,136753577;0,865053483;0,532831808;0,268154213;2967;0;3,074454744
EUR_2011;NL0000852564_2011;NL0000852564;NL;Industrial Goods & Services;-0,014699222;-40,3;118,2;77,9;0,078125;0,067978728;0,555645614;1,150096501;0,335565131;1402,9342;1;3,286023981
USD_2011;CH0012453913_2011;CH0012453913;CH;Technology;-0,00031414;-2,239382239;16,52509653;14,28571429;0,771428571;-0,029583587;0,635408366;1,315947332;0,475967786;997,6;1;2,867728601
EUR_2011;ES0121975017_2011;ES0121975017;ES;Industrial Goods & Services;0;0;0;0;0;0,061400395;0,719731065;1,178660211;0,638074865;1319,8185;0;3,376722731
GBP_2011;GB0009123323_2011;GB0009123323;GB;Industrial Goods & Services;0;-98,93782074;276,8826829;177,9448622;0,322222222;0,084896154;0,632541035;0,826466165;0,371804024;1018,744;1;2,966699751
EUR_2011;IT0004623051_2011;IT0004623051;IT;Automobiles & Parts;1,62507E-17;-351,4;1160,6;809,2;0,017574692;0,064554106;0,686729735;1,073784515;0,411813306;3148,8408;1;3,844837758
EUR_2011;FR0000031775_2011;FR0000031775;FR;Construction & Materials;-0,01050616;-92,6;400,7;308,1;0,388429752;0,034865748;0,475583193;2,209894805;0,262343726;1984,8046;1;3,671402893
EUR_2011;FR0004548873_2011;FR0004548873;FR;Oil & Gas;0;-7,7;7,7;0;0,7;0,001675455;0,650840191;0,757826595;0,175947371;1443,2623;1;3,608376251
EUR_2011;FI0009014575_2011;FI0009014575;FI;Industrial Goods & Services;-0,001477417;-28,3;28,3;0;0,294117647;0,055790066;0,718939074;1,175948345;0,717532011;1666,4065;1;3,152716311
USD_2011;GB00BQY7BX88_2011;GB00BQY7BX88;GB;Technology;0;0;0;0;0;0,216568126;0,788951111;0,322902826;0,22034936;717,5569;0;2,633555017
EUR_2011;IT0003849244_2011;IT0003849244;IT;Food & Beverages;5,74055E-20;-0,3;4;3,7;0;0,054877628;0,528645295;1,945477753;0,367769735;2988,2159;1;3,462547729
GBP_2011;GB00B587FC42_2011;GB00B587FC42;GB;Industrial Goods & Services;2,70598E-18;-0,119345984;21,36293114;21,24358515;0,153846154;0,144720182;0,536085085;1,323371648;0,437325905;943,0977;1;2,974324939
GBP_2011;GB0004052071_2011;GB0004052071;GB;Industrial Goods & Services;2,20261E-17;-43,20324621;211,3617377;168,1584915;0,181034483;0,134402177;0,382947164;2,017370714;0,338049825;1246,4162;1;2,886490725
EUR_2011;FR0000053225_2011;FR0000053225;FR;Media;0;-8,5;8,5;0;0,636363636;0,108784177;0,495491565;1,502867492;0,724112856;1463,6923;1;3,138365864
GBP_2011;GB00B6YTLS95_2011;GB00B6YTLS95;GB;Travel & Leisure;-2,97832E-17;-95,11874925;2446,473326;2351,354577;0,364882507;0,112754491;1,034311377;0,742764801;0,302754491;1565,8397;1;3,299524281
GBP_2011;GB00B01FLL16_2011;GB00B01FLL16;GB;Real Estate;-3,67492E-19;-0,358037952;22,31769901;21,95966106;0,166666667;0,079034476;0,369404695;0,090909091;0,000407394;1009,9438;1;3,36988295
GBP_2011;GB0007990962_2011;GB0007990962;GB;Real Estate;0;0;0;0;0;0,066913624;0,380431587;0,463350785;0,010407479;1173,0682;0;3,307435521
EUR_2011;IE00B010DT83_2011;IE00B010DT83;IE;Food & Beverages;-1,1093E-17;-15,3;156,5;141,2;0,125;0,099604496;0,256661116;1,260112888;0,278830142;970,307;1;2,982632994
GBP_2011;GB00B0N8QD54_2011;GB00B0N8QD54;GB;Food & Beverages;-4,00155E-17;-52,15419501;681,4655687;629,3113737;0,142473118;0,054815093;0,978881171;0,985641026;0,360803454;776,5841;1;3,104320502
GBP_2011;GB00B0HZP136_2011;GB00B0HZP136;GB;Travel & Leisure;4,45761E-18;-54,54111469;334,7654851;280,2243704;0,227722772;0,032120452;0,703481807;0,481846154;0,049121706;1056,8245;1;3,580326122
EUR_2011;DE0007235301_2011;DE0007235301;DE;Industrial Goods & Services;5,01025E-18;-273,4;379;105,6;0,31512605;0,032228239;0,535464272;3,158114558;0,466076696;2604,5217;1;3,356274501
EUR_2011;FI0009000277_2011;FI0009000277;FI;Technology;-0,020626611;-40,3;163,6;123,3;0,518796992;0,046800531;0,558715525;1,128625954;0,462067349;792,2552;1;3,107176039
EUR_2011;FR0000051070_2011;FR0000051070;FR;Oil & Gas;0;0;0;0;0;0,110598162;0,485781052;1,228511119;0,159982902;1428,7636;0;3,172576371
GBP_2011;GB0003308607_2011;GB0003308607;GB;Industrial Goods & Services;-6,51683E-18;-15,63432391;158,4914668;142,8571429;0,130434783;0,092670042;0,556680608;1,441814596;0,321813779;1500,0235;1;3,211271801
CHF_2011;CH0034389707_2011;CH0034389707;CH;Industrial Goods & Services;-0,008254041;-133,9469143;883,3922261;749,4453119;0,5;-0,075948642;0,644331079;1,259088044;0,343459819;4095;1;4,156440977
GBP_2011;GB00B012TP20_2011;GB00B012TP20;GB;Retail;0;0;0;0;0;0,105686032;0,556396786;1,151991026;0,31736712;549,1962;0;2,887846318
EUR_2011;JE00B3DCF752_2011;JE00B3DCF752;JE;Real Estate;0;0;0;0;0;0,047775168;0,255256271;0,062901194;0,004859735;1286,6;0;3,482973717
SEK_2011;SE0000107203_2011;SE0000107203;SE;Financial Services;0;0;0;0;0;-0,000273951;0,314727922;1,824561404;0,001820856;33069,0126;0;3,806057115
SEK_2011;SE0000109290_2011;SE0000109290;SE;Basic Resources;0;-40,10350738;206,4546483;166,3511409;0,18;0,106268641;0,468710536;1,020561309;0,182712201;16783,4288;1;3,620040693
EUR_2011;DE0007297004_2011;DE0007297004;DE;Food & Beverages;1,09836E-17;-547,7;654,3;106,6;0,34375;0,045399706;0,521125401;1,690897523;0,513005815;4667,5663;1;3,918481182
DKK_2011;DK0010287663_2011;DK0010287663;DK;Industrial Goods & Services;0,000997105;-38,08383556;55,62580715;17,54197159;0,220657277;0,009316239;0,697423152;1,3292615;0,514982625;4529,2106;1;3,257164534
EUR_2011;ES0105200002_2011;ES0105200002;ES;Oil & Gas;0;0;0;0;0;0,008829943;0,908147506;1,00533348;0,369444065;1657,4;0;4,274011481
EUR_2011;IT0001137345_2011;IT0001137345;IT;Travel & Leisure;-0,001754486;-82,9;281,1;198,2;0,146496815;0,031656947;0,799633162;0,602266169;0,189109553;1918,1759;1;3,600948078
GBP_2011;GB0006215205_2011;GB0006215205;GB;Travel & Leisure;-2,93843E-17;-50,48335124;1030,075188;979,5918367;0,263157895;0,04185104;0,600760928;0,65532646;0,157727141;1137,4278;1;3,460282067
GBP_2011;GB0004657408_2011;GB0004657408;GB;Industrial Goods & Services;0;-2,9836496;151,3307077;148,3470581;0,389380531;0,06578827;0,619086833;1,19201995;0,524842163;875,7463;1;3,115388236
EUR_2011;DE0007472060_2011;DE0007472060;DE;Industrial Goods & Services;0;0;0;0;0;0,086535919;0,517880403;1,5878672;0,581387126;1264,3945;0;2,849455655
EUR_2011;FR0000121709_2011;FR0000121709;FR;Personal & Household Goods;0;-120,1;169;48,9;0,492647059;0,069775742;0,594967581;1,513441079;0,554250193;2903,1986;1;3,526623544
EUR_2011;FR0000077919_2011;FR0000077919;FR;Media;-0,003001725;-51,3;92,6;41,3;0,461538462;0,050249356;0,41627077;1,167298433;0,269304403;3948,0042;1;3,626432761
EUR_2011;DE000A0Z2ZZ5_2011;DE000A0Z2ZZ5;DE;Telecommunications;-0,002570766;-31,9;34,9;3;0,2;0,056803652;0,536750686;0,917809983;0,279050747;1280,61;1;3,402850763
GBP_2011;GB0004478896_2011;GB0004478896;GB;Oil & Gas;8,92642E-18;5,728607232;278,3148347;284,0434419;0,153284672;0,061151913;0,434093545;1,892183288;0,379899497;1097,1135;0;3,188574243
GBP_2011;GB00B2PDGW16_2011;GB00B2PDGW16;GB;Retail;0,144654088;82,34872897;854,5172455;936,8659745;0;0,153039832;0,672955975;0,880952381;0,542976939;730,3304;0;2,755326189
GBP_2011;GB00B1FP6H53_2011;GB00B1FP6H53;GB;Travel & Leisure;0;-44,15801408;1800,930899;1756,772885;0,048192771;0,028306159;0,752717391;1,105392157;0,102128623;1111,4;1;3,721836874
EUR_2011;FI0009000459_2011;FI0009000459;FI;Industrial Goods & Services;-0,034562212;-100;459;359;0,267100977;0,04241726;0,578445748;1,121197794;0,372538752;971,5398;1;3,280942406
EUR_2011;FR0010259150_2011;FR0010259150;FR;Healthcare;-0,009918017;-32,8;67,5;34,7;0,619047619;0,000259583;0,378333173;1,708242218;0,387384282;2042,4101;1;3,213090158
CHF_2011;CH0038389992_2011;CH0038389992;CH;Healthcare;0;0;0;0;0;-0,056562748;0,130155626;0,001816413;0,00181312;835,7301339;0;2,976049028
EUR_2011;IT0003990402_2011;IT0003990402;IT;Personal & Household Goods;0;0;0;0;0;0,024710299;0,627629346;0,755615275;0,16107378;1997,0987;0;3,845524432
SEK_2011;SE0000106205_2011;SE0000106205;SE;Construction & Materials;-0,000637979;-3,696692021;7,057321131;3,36062911;0,8;0,030080704;0,746499091;1,349150981;0,653896456;10154,5029;1;3,545523022
EUR_2011;FI0009000285_2011;FI0009000285;FI;Personal & Household Goods;-0,016831683;-35,1;114,7;79,6;0,266666667;0,047029703;0,543784378;1,476110174;0,577777778;1093,662;1;3,259593879
GBP_2011;GB00B7KR2P84_2011;GB00B7KR2P84;GB;Travel & Leisure;0;0;0;0;0;0,050346834;0,618482882;1,476635514;0,38890132;1691,3308;0;3,727018164
EUR_2011;BE0003678894_2011;BE0003678894;BE;Real Estate;0;0;4;4;0,666666667;0,040365925;0,472121445;1,004067959;0,002069188;913,8591;0;3,307035613
EUR_2011;FI0009002158_2011;FI0009002158;FI;Construction & Materials;-0,004270186;-19,2;19,6;0,4;0,2;0,004852484;0,588315217;1,56038961;0,466420807;502,1993;1;2,711975854
USD_2011;GB0034147388_2011;GB0034147388;GB;Technology;0;0;0;0;0;0,029422778;0,23727447;2,41243844;0,463891372;368,2832;0;2,94881046
EUR_2011;NL0000337319_2011;NL0000337319;NL;Construction & Materials;-0,034787654;-199,3;1897,7;1698,4;0,067226891;0,017455478;0,838856964;1,387763163;0,691156843;759,3766;1;3,858421571
EUR_2011;DE0006099005_2011;DE0006099005;DE;Retail;0;-29,9;60,9;31;0,574468085;0,052175483;0,516759945;1,193658729;0,546007101;1096,2568;1;3,22055262
NOK_2011;NO0003089005_2011;NO0003089005;NO;Oil & Gas;-0,024743703;-78,94872389;251,5516753;172,6029514;0,403903904;0,140356132;0,462601689;2,051549906;0,286266276;13405,5339;1;3,281960831
EUR_2011;IT0001347308_2011;IT0001347308;IT;Construction & Materials;4,79378E-18;-230,1;459,9;229,8;0,229681979;0,004454136;0,519261674;1,69177897;0,269055733;1256,1808;1;3,772972074
GBP_2011;GB0005203376_2011;GB0005203376;GB;Financial Services;4,23776E-17;-144,4086406;704,4993436;560,0907029;0;0,066161456;0,777513037;1,213102507;0,645221437;1503,4451;1;3,204351542
EUR_2011;FR0000121881_2011;FR0000121881;FR;Media;0;-40;144;104;0,7;0,024686279;0,731331002;1,016695652;0,601316602;1370,5211;1;3,686725621
EUR_2011;DE000TUAG000_2011;DE000TUAG000;DE;Travel & Leisure;0;-913,8;2350,9;1437,1;0,256922086;-0,000103766;0,811160771;0,647043197;0,324957938;1208,1829;1;4,130073114
EUR_2011;IT0003977540_2011;IT0003977540;IT;Industrial Goods & Services;0;-10,779;10,779;0;0,547817048;0,04190174;0,756400618;1,158332369;0,844900498;1029,7;1;3,240828954
GBP_2011;GB0003096442_2011;GB0003096442;GB;Industrial Goods & Services;0,029494712;23,51115885;365,676095;389,1872538;0,213636364;0,099764982;0,569917744;2,230666667;0,589776733;822,0879;0;3,00673737
DKK_2011;DK0060228559_2011;DK0060228559;DK;Telecommunications;0;1084,266035;2736,224709;3820,490745;0,137577002;0,043090616;0,658651116;0,470181219;0,109491291;37999,5011;0;3,942815211
USD_2011;GB00B572ZV91_2011;GB00B572ZV91;GB;Oil & Gas;0;0;0;0;0;0,069326207;0,140751928;3,977764728;0,196124938;991,7139;0;2,994232199
CHF_2011;CH0016440353_2011;CH0016440353;CH;Chemicals;0;0;0;0;0;0,145094773;0,353551757;2,870975028;0,637755932;3320,6;0;3,128081673
USD_2011;GB00B1FP8915_2011;GB00B1FP8915;GB;Industrial Goods & Services;0;-58,71822413;879,1025182;820,3842941;0,068527919;0,067418713;0,56660031;1,321408712;0,315372705;1211,2;1;3,241934743
DKK_2011;DK0010272632_2011;DK0010272632;DK;Healthcare;0;-14,79767542;40,08824796;25,29057254;0,1875;0,077363384;0,384849298;3,188365651;0,514712459;10080,4718;1;3,177281459
EUR_2011;DE0005790430_2011;DE0005790430;DE;Chemicals;-7,90933E-18;-12,1;101,4;89,3;0,157142857;0,184316896;0,334882781;2,099930119;0,607316087;2269,0532;1;2,995459687
EUR_2011;GRS282183003_2011;GRS282183003;GR;Personal & Household Goods;0,000377266;-3,3;3,3;0;0,75;0,118969561;0,342362565;3,616392783;0,497593672;493,7804;1;2,900473641
USD_2011;GB00B0LCW083_2011;GB00B0LCW083;GB;Healthcare;0;0;0;0;0;0,050840864;0,493137401;1,689487254;0,418803891;1218,1326;0;3,08518778
EUR_2011;PTZON0AM0006_2011;PTZON0AM0006;PT;Media;0;0;0;0;0;0,019152548;0,868384547;0,898453361;0,397028804;717,7228;0;3,251786853
SEK_2011;SE0000117970_2011;SE0000117970;SE;Construction & Materials;-0,043676346;-15,4588939;531,8755671;516,4166732;0,691860465;0,039788604;0,747995383;1,568620464;0,802271899;13141,1345;1;3,566811923
EUR_2011;FR0004025062_2011;FR0004025062;FR;Industrial Goods & Services;-0,000348309;-4,6;5,4;0,8;0,711237553;-0,065323121;0,312076006;3,689959968;0,509403775;465,7115;1;2,93515596
GBP_2011;GB0009292243_2011;GB0009292243;GB;Chemicals;-9,25829E-18;-7,399451008;48,93185344;41,53240243;0,435897436;0,247394024;0,230020848;3,168141593;0,497567755;921,1793;1;2,535898599
DKK_2011;DK0010287234_2011;DK0010287234;DK;Healthcare;0;-8,07145932;38,20490745;30,13344813;0;0,111132755;0,377812409;1,874574106;0,428703614;21182,6766;1;3,44127437
GBP_2011;GB0008025412_2011;GB0008025412;GB;Industrial Goods & Services;9,67251E-18;-53,10896288;172,6936389;119,584676;0,255813953;-0,000204193;0,518445412;1,960654872;0,505377076;496,2966;1;3,243888729
EUR_2011;NL0000334118_2011;NL0000334118;NL;Technology;0;-5,4;9,5;4,1;0,875;0,118042928;0,394702763;2,619295244;0,755759783;1235,3013;1;3,199267144
EUR_2011;LU0061462528_2011;LU0061462528;LU;Media;0;-90;175;85;0,466666667;0,108844368;0,377840215;1,495183044;0,473979966;11389,3;1;3,91307174
EUR_2011;FR0000130395_2011;FR0000130395;FR;Personal & Household Goods;-1,11625E-18;-20,3;23,7;3,4;0,454545455;0,055700784;0,509350493;2,197949094;0,603408405;3078,2172;1;3,298678451
EUR_2011;DE000A0LD6E6_2011;DE000A0LD6E6;DE;Healthcare;-0,015378807;-168,8;207,4;38,6;0,138888889;0,03334363;0,635509072;1,436841773;0,315802813;1010,923;1;3,180433272
SEK_2011;SE0000108847_2011;SE0000108847;SE;Financial Services;0,001018497;-40,10350738;206,4546483;166,3511409;0,18;0,059892297;0,397284008;0,360601002;0,005057364;25172;1;3,980858897
EUR_2011;IE00B1RR8406_2011;IE00B1RR8406;IE;Industrial Goods & Services;0;-655;2141;1486;0,2109375;0,024462653;0,740410878;1,625421822;0,343189645;1036,1003;1;3,925363667
EUR_2011;DE0007480204_2011;DE0007480204;DE;Real Estate;0;0;0;0;0;0,028958878;0,543236619;0,234063298;0,004689431;1280,4587;0;3,508546552
EUR_2011;NL0000387058_2011;NL0000387058;NL;Technology;0;0;0;0;0;-0,243430457;0,606118731;0,580606503;0,276901283;677,2236;0;3,254944489
EUR_2011;BE0003876936_2011;BE0003876936;BE;Basic Resources;-1,21717E-18;-60,4;142,8;82,4;0,564356436;0,010386313;0,619543579;1,525531073;0,333573757;1037,1373;1;3,539841088
CHF_2011;CH0009002962_2011;CH0009002962;CH;Food & Beverages;-0,015322707;-71,73966637;177,5002054;105,7605391;0,426605505;0,054428094;0,627093427;1,64624188;0,629675609;3434,1;1;3,428379618
GBP_2011;GB0000608009_2011;GB0000608009;GB;Industrial Goods & Services;7,96275E-17;-299,6777658;1587,062895;1287,385129;0,044474394;0,099645125;0,888494583;1,01580967;0,618042585;620,687;1;3,106516172
EUR_2011;IT0000080447_2011;IT0000080447;IT;Industrial Goods & Services;0;-123,8;123,8;0;0,817275748;0,001295128;0,683404599;1,295468004;0,373996113;980,5577;1;3,893896467
USD_2011;DK0060083210_2011;DK0060083210;DK;Industrial Goods & Services;0;0;0;0;0;0,037355521;0,151403146;3,241700216;0,304575035;5783,5;0;3,258845217
EUR_2011;IT0003865570_2011;IT0003865570;IT;Construction & Materials;0;0;0;0;0;0,038884245;0,722346224;1,155234303;0,647908734;973,6191;0;3,65772333
EUR_2011;GRS191213008_2011;GRS191213008;GR;Construction & Materials;-0,000160603;-8,3;8,3;0;0,696202532;0,016698783;0,698293091;1,605149745;0,44418126;214,1716;1;3,639345121
EUR_2011;FI0009013429_2011;FI0009013429;FI;Industrial Goods & Services;-0,004198853;-58,7;85,7;27;0,53030303;0,047629732;0,622712266;1,219004924;0,531651656;1477,7264;1;3,494140674
EUR_2011;ES0184940817_2011;ES0184940817;ES;Healthcare;0;0;0;0;0;0,021766078;0,84160025;1,449427641;0,594680832;382,1924;0;2,338089778
CHF_2011;CH0001752309_2011;CH0001752309;CH;Industrial Goods & Services;-0,034529915;-218,588216;1182,512943;963,9247268;0,382352941;0,054700855;0,581880342;1,826327434;0,564444444;1398,3;1;3,380870979
EUR_2011;FR0000054470_2011;FR0000054470;FR;Personal & Household Goods;0;0;0;0;0;0,033970923;0,305756515;1,012330731;0,268649829;491,0542;0;3,04084592
EUR_2011;IT0000433307_2011;IT0000433307;IT;Oil & Gas;0;0;0;0;0;0,01415975;0,691040434;1,176083015;0,565487458;919,1415;0;3,618336519
EUR_2011;DE000SKYD000_2011;DE000SKYD000;DE;Media;0;-7;7;0;0,2;-0,248507369;0,920279902;0,560935529;0,218228542;995,5883;1;3,047983183
EUR_2011;PTSON0AM0001_2011;PTSON0AM0001;PT;Retail;0;0;0;0;0;0,013361815;0,746151228;0,652217431;0,218367166;918;0;3,888781078
EUR_2011;FR0010241638_2011;FR0010241638;FR;Real Estate;0;0;0;0;0;0,083931289;0,043339233;17,43493478;0,031206435;2291,6516;0;3,244520554
SEK_2011;SE0000549412_2011;SE0000549412;SE;Real Estate;0;0;0;0;0;0,022569788;0,727104958;0,301617095;0,007385383;6279,0969;0;3,500864726
GBP_2011;GB0001859296_2011;GB0001859296;GB;Personal & Household Goods;-5,81314E-18;-2,864303616;94,52201933;91,65771572;0,163265306;0,023427108;0,266383922;4,472593596;0,93780428;587,0901;1;3,07381085
GBP_2011;JE00B3CGFD43_2011;JE00B3CGFD43;JE;Industrial Goods & Services;0;0;0;0;0;0,031538654;0,593326121;0,823305671;0,396271948;795,9046;0;3,156603871
SEK_2011;SE0000950636_2011;SE0000950636;SE;Real Estate;0;0;0;0;0;0,037152812;0,612842304;0,648648649;0,001562958;8914,6064;0;3,536593288
SEK_2011;SE0000112385_2011;SE0000112385;SE;Automobiles & Parts;-0,084216485;-234,6839328;732,7291669;498,0452341;0,385185185;0,069970754;0,589012233;1,320508344;0,594704236;15543,0078;1;3,551712793
EUR_2011;FR0010451203_2011;FR0010451203;FR;Industrial Goods & Services;5,83878E-18;-260,7;1221,3;960,6;0,563492063;0,032694777;0,573642853;1,445259191;0,437296492;3548,1638;1;3,988358261
GBP_2011;GB0003318416_2011;GB0003318416;GB;Industrial Goods & Services;0,000165755;-28,76238215;252,2974102;223,535028;0;0,127465606;0,8876181;3,639293937;0,786010277;665,4013;1;2,857341135
EUR_2011;IT0001465159_2011;IT0001465159;IT;Construction & Materials;-0,005415776;-127,7;215,8;88,1;0,292307692;-0,000323405;0,496970916;1,265236568;0,264344638;1012,8931;1;3,98814993
EUR_2011;AT0000697750_2011;AT0000697750;AT;Real Estate;0;0;0;0;0;0,007335348;0,607007934;0,43006263;0,012970659;762;0;3,501935187
EUR_2011;DE0005772206_2011;DE0005772206;DE;Retail;0;0;0;0;0;0,167405564;0,241935617;2,475115571;0,522003273;3084,4801;0;2,861659842
CHF_2011;CH0003504856_2011;CH0003504856;CH;Travel & Leisure;-0,018688133;-23,17363793;307,2561427;284,0825047;0,48372093;0,012723537;0,690021097;0,70497221;0,369367949;1073,7;1;3,312496071
SEK_2011;SE0000170375_2011;SE0000170375;SE;Real Estate;0;0;0;0;0;0,063243005;0,449795109;1,284644195;0,001511346;15383,412;0;3,405229517
EUR_2011;IE00B00MZ448_2011;IE00B00MZ448;IE;Industrial Goods & Services;3,68923E-18;-33,6;224,6;191;0,17037037;0,001321397;0,489705046;1,468311822;0,389781993;553,4002;1;3,284654479
CHF_2011;CH0002168083_2011;CH0002168083;CH;Industrial Goods & Services;6,65513E-18;-38,78708193;212,5893664;173,8022845;0,652173913;0,059145178;0,571544713;1,625830208;0,817380704;2038,6;1;3,244208483
EUR_2011;FR0000184798_2011;FR0000184798;FR;Technology;0;-24,4;24,4;0;0,592592593;0,017920542;0,7423912;0,612026342;0,161765047;1334,7495;1;3,651450922
EUR_2011;BE0003699130_2011;BE0003699130;BE;Financial Services;0;0;0;0;0;0,039452542;0,227550766;0,022192349;0,003624415;854,7309;0;3,128291005
SEK_2011;SE0000936478_2011;SE0000936478;SE;Financial Services;0,000126465;-5,040943665;12,21028577;7,169342101;0,636363636;0,069733032;0,644214839;0,816967963;0,23832408;8592,4912;1;2,947327546
EUR_2011;DE0007667107_2011;DE0007667107;DE;Industrial Goods & Services;0;-16,5;29,8;13,3;0,35;0,036831317;0,680751174;1,221609062;0,556238841;987,005;1;3,179637952
EUR_2011;AT0000APOST4_2011;AT0000APOST4;AT;Industrial Goods & Services;0;-176,9;176,9;0;0,574585635;0,074207277;0,579212372;1,28657705;0,395852065;1668,9;1;3,22227415
EUR_2011;IT0001250932_2011;IT0001250932;IT;Utilities;0;0;0;0;0;0,016163875;0,709556236;1,166217379;0,31871594;1229,8603;0;3,810944688
GBP_2011;GB0005622542_2011;GB0005622542;GB;Travel & Leisure;0;-20,8855472;70,41413056;49,52858336;0,465116279;0,048450721;0,323195519;1,904145937;0,172874823;1290,894;1;3,598063608
EUR_2011;FR0000125346_2011;FR0000125346;FR;Financial Services;1,11915E-18;-12,8;27,7;14,9;0,294117647;0,035589361;0,602718297;1,836511796;0,507331576;1450,0578;1;3,200643694
GBP_2011;GB0007995243_2011;GB0007995243;GB;Industrial Goods & Services;-8,78983E-18;5,847953216;129,1323547;134,9803079;0,112676056;0,027202598;0,623832724;0,978634269;0,237109216;360,3377;0;3,070332213
GBP_2011;GB00B04V1276_2011;GB00B04V1276;GB;Real Estate;0;-5,37056928;27,56892231;22,19835303;0;0,017421137;0,827392622;0,045005488;0,001826769;443,9064;1;3,42790807
EUR_2011;BE0003755692_2011;BE0003755692;BE;Real Estate;-0,232960326;-1091;2027;936;0,144230769;-0,024754154;0,662597491;1,788819876;0,585961343;211,3769;1;3,469674773
SEK_2011;SE0000949331_2011;SE0000949331;SE;Personal & Household Goods;-0,021863118;-83,90370677;258,2083366;174,3046298;0,096491228;0,008198669;0,581154943;1,096205443;0,339828897;4294,6908;1;2,974405057
EUR_2011;DE0005501357_2011;DE0005501357;DE;Media;0;-326,5;467,7;141,2;0,259398496;0,061564179;0,538913433;1,00526376;0,209791045;3285,303;1;3,62195482
EUR_2011;LU0269583422_2011;LU0269583422;LU;Real Estate;0,000227099;-108,5;113,4;4,9;0,232876712;-0,001960222;0,744585485;0,230884558;0,005522088;1273,3;1;3,922538624
CHF_2011;CH0012100191_2011;CH0012100191;CH;Healthcare;-0,010001513;-7,88889802;56,53710247;48,64820445;0,827956989;0,121964605;0,309349363;3,011103549;0,82827915;590,6;1;2,50574401
GBP_2011;GB0008220112_2011;GB0008220112;GB;Industrial Goods & Services;0;-176,0353264;1049,051199;873,015873;0,159519726;0,036193223;0,491708724;1,789363078;0,532035568;863,7245;1;3,39497553
EUR_2011;FR0000039299_2011;FR0000039299;FR;Industrial Goods & Services;-0,000383913;-118,8;150,9;32,1;0,567375887;0,035073864;0,548361316;1,003971248;0,320648844;3801,4835;1;3,959835091
EUR_2011;FR0010112524_2011;FR0010112524;FR;Real Estate;0;41,89044039;602,6972192;644,5876596;0,269005848;0,012684783;0,607184744;1,252904014;0,159919717;917,814;0;3,630772326
EUR_2011;IT0001157020_2011;IT0001157020;IT;Oil & Gas;0;0;0;0;0;0,013407531;0,613134582;1,107033497;0,363308986;1319,8096;0;3,686198806
EUR_2011;AT0000938204_2011;AT0000938204;AT;Industrial Goods & Services;-0,035235947;-55,2;87,4;32,2;0,229166667;0,075438119;0,357875298;2,159500522;0,556272828;1490,7;1;3,194953132
GBP_2011;GB0003753778_2011;GB0003753778;GB;Travel & Leisure;-0,192067427;-322,9502327;2102,995584;1780,045351;0,429693637;0,066831929;0,96886465;0,968026925;0,456321269;593,8811;1;3,080483712
EUR_2011;AT000000STR1_2011;AT000000STR1;AT;Construction & Materials;5,47305E-18;-384,2;586,3;202,1;0,428904429;0,018774695;0,696723895;1,199768194;0,563418888;2145,5;1;4,016450576
GBP_2011;GB0002502812_2011;GB0002502812;GB;Food & Beverages;-1,88506E-17;-71,72693639;929,3471775;857,6202411;0;-0,015122037;0,757428369;1,466911765;0,352847542;448,009;1;3,130193609
EUR_2011;DE0006335003_2011;DE0006335003;DE;Industrial Goods & Services;0;0;0;0;0;0,021400824;0,614921454;1,287199946;0,707208157;1161,5203;0;3,309593549
GBP_2011;GB0007594764_2011;GB0007594764;GB;Industrial Goods & Services;0;0;0;0;0;0,052267386;0,345647736;1,520889737;0,355032561;392,649;0;2,822634155
EUR_2011;FR0000073298_2011;FR0000073298;FR;Media;-0,000358329;-17,3;28,7;11,4;0;0,038557047;0,600653591;1,559500703;0,353052153;993,0817;1;3,348808586
GBP_2011;GB00B1JQDM80_2011;GB00B1JQDM80;GB;Travel & Leisure;-1,3489E-17;8,473564865;431,5550782;440,028643;0,123287671;0,027496903;0,673234483;0,743870403;0,067902962;523,6131;0;3,475112472
EUR_2011;FR0000120982_2011;FR0000120982;FR;Construction & Materials;-0,006838988;-90,8;178,9;88,1;0,301886792;0,028984922;0,426803985;1,413005802;0,252450188;2139,5602;1;3,870871895
EUR_2011;IT0003007728_2011;IT0003007728;IT;Personal & Household Goods;0;0;0;0;0;0,129261041;0,340479234;2,406110745;0,576464393;1929,9226;0;3,018856467
EUR_2011;GI000A0MV757_2011;GI000A0MV757;GI;Travel & Leisure;0;0;0;0;0;-0,328709381;0,391860822;1,381803412;0,391094421;1626,5419;0;3,115543948
NOK_2011;NO0003035305_2011;NO0003035305;NO;Personal & Household Goods;0;-2,137577584;2,137577584;0;0,652173913;0,130481076;0,210204425;2,917119852;0,533827448;3609,0265;1;2,431848789
GBP_2011;GB0001001592_2011;GB0001001592;GB;Healthcare;0;-2,38691968;115,5269125;113,1399928;0,070175439;0,028865164;0,196915777;2,989708405;0,34460261;1026,6975;1;2,780786635
EUR_2011;BE0003820371_2011;BE0003820371;BE;Industrial Goods & Services;0;0;0;0;0;0,370865523;0,356131748;2,215604419;0,711997502;538,0513;0;1,936855414
EUR_2011;BE0003823409_2011;BE0003823409;BE;Healthcare;0;0;0;0;0;0,034615621;0,171412747;0,01283697;5,35141E-06;1083,5478;0;3,271531451
GBP_2011;GB0001638955_2011;GB0001638955;GB;Travel & Leisure;0;0;0;0;0;0,047276298;0,82718468;0,350217184;0,071604517;546,475;0;3,072335953
NOK_2011;NO0003921009_2011;NO0003921009;NO;Oil & Gas;0;0;0;0;0;0,129693239;0,571587412;1,636626738;0,404209272;7104,9294;0;2,811942637
SEK_2011;SE0002683557_2011;SE0002683557;SE;Industrial Goods & Services;0;-36,51883633;164,3347635;127,8159271;0,321100917;0,056566325;0,62542728;1,054133858;0,236189216;7228,166;1;3,006858732
CHF_2011;CH0011795959_2011;CH0011795959;CH;Industrial Goods & Services;-0,019637288;-32,95258444;204,4539403;171,5013559;0,421052632;0,255977821;0,471525933;1,264749481;0,492780409;912;1;2,852112526
EUR_2011;DE0005408884_2011;DE0005408884;DE;Industrial Goods & Services;-0,024218083;-89,2;261,6;172,4;0,298701299;0,067109947;0,682199709;1,450785518;0,590108938;841,2267;1;3,365596545
CHF_2011;CH0002432174_2011;CH0002432174;CH;Industrial Goods & Services;-0,018107399;-15,94214808;254,4169611;238,474813;0,434210526;0,055478934;0,637674067;1,744928197;0,681140722;1571,5;1;3,266483454
CHF_2011;CH0002088976_2011;CH0002088976;CH;Retail;-2,05314E-17;-1,314816337;489,1116772;487,7968609;0,495412844;0,051062441;0,580886939;0,982917964;0,535861012;536,1;1;2,957367867
GBP_2011;GB0006027295_2011;GB0006027295;GB;Industrial Goods & Services;3,82192E-17;-161,4751164;677,1691133;515,6939969;0,164556962;0,070097945;0,740541579;1,558228731;0,429133858;718,3577;1;3,094425383
EUR_2011;BE0003555639_2011;BE0003555639;BE;Chemicals;-0,011524244;-11,2;180,7;169,5;0,422818792;-0,069217946;0,561788795;1,451308451;0,490396463;606,5688;1;3,139784664
CHF_2011;CH0003671440_2011;CH0003671440;CH;Industrial Goods & Services;-0,005398596;32,78823239;774,2624702;807,0507026;0,279411765;0,240417491;0,651160698;2,439431397;0,710275328;708,7;0;2,960615501
EUR_2011;IT0003828271_2011;IT0003828271;IT;Healthcare;0;0;0;0;0;0,119118453;0,391813918;1,726370076;0,389728931;1167,9642;0;2,990100771
GBP_2011;GB00B135BJ46_2011;GB00B135BJ46;GB;Real Estate;0;0;0;0;0;0,0521859;0,597479323;0,35875;0,056518314;434,3609;0;2,782500506
GBP_2011;GB0007590234_2011;GB0007590234;GB;Technology;0;0;0;0;0;0,116136744;0,458287249;1,423019387;0,550052585;559,0565;0;2,487886836
GBP_2011;GB0000536739_2011;GB0000536739;GB;Industrial Goods & Services;0;7,280105024;68,6239408;75,90404583;0,146341463;0,046972029;0,705588875;0,771469127;0,115386657;1137,5574;0;3,351911759
EUR_2011;GRS426003000_2011;GRS426003000;GR;Oil & Gas;2,21733E-18;-45,3;89;43,7;0,263157895;0,05565023;0,786338719;0,912391333;0,499956939;655,8353;1;3,409273407
NOK_2011;NO0010234552_2011;NO0010234552;NO;Financial Services;0;-109,9693528;303,1239537;193,1546009;0,577464789;0,039087318;0,443357918;2,438392385;0,254744344;11218,0789;1;3,668534366
EUR_2011;GRS343313003_2011;GRS343313003;GR;Travel & Leisure;0;-5,6;5,6;0;0,8;0,016296832;0,654500894;0,848931599;0,335744576;106,9812;1;3,035894605
EUR_2011;FI0009007066_2011;FI0009007066;FI;Industrial Goods & Services;-0,004743377;-11;11;0;0,5;0,055834541;0,593068179;0,869401156;0,174860851;597,8352;1;2,903695948
EUR_2011;GRS395363005_2011;GRS395363005;GR;Financial Services;0;-1,6;1,6;0;0,564971751;0,129887527;0,078809857;0,034423756;0,024642788;188,9153;1;2,219395889
GBP_2011;GB00B1P6ZR11_2011;GB00B1P6ZR11;GB;Retail;0;3,938417472;81,75199905;85,69041652;0,290909091;0,102015113;0,493324937;5,108796296;0,833879093;660,1073;0;2,976628312
EUR_2011;FR0000060618_2011;FR0000060618;FR;Retail;0;-167;216;49;0,708333333;0,000467669;0,753289269;0,864965128;0,363471971;1003,0834;1;4,506153125
GBP_2011;GB00B0744359_2011;GB00B0744359;GB;Industrial Goods & Services;0;-28,64303616;265,9028524;237,2598162;0,204301075;0,077198639;0,617768225;1,550277118;0,350707505;794,5118;1;2,823675437
GBP_2011;GB0004915632_2011;GB0004915632;GB;Construction & Materials;7,83664E-17;-35,32641127;1037,474639;1002,148228;0,202554745;0,053987944;0,856556303;1,185244686;0,837861448;527,3196;1;3,135499492
NOK_2011;NO0005668905_2011;NO0005668905;NO;Industrial Goods & Services;-0,00860129;-8,357155734;22,19990214;13,8427464;0,700598802;0,095514327;0,445691854;1,521346057;0,454418163;5935,6058;1;2,711808641
EUR_2011;GRS096003009_2011;GRS096003009;GR;Personal & Household Goods;0;-2,2;2,2;0;0,666666667;0,004677484;0,61781883;0,952058123;0,394926651;72,919;1;2,69114871
DKK_2011;DK0010272202_2011;DK0010272202;DK;Healthcare;0;0;0;0;0;-0,381204169;0,68907693;1,55294002;0,969553167;1688,5069;0;2,323157503
GBP_2011;GB00B0YG1K06_2011;GB00B0YG1K06;GB;Travel & Leisure;0;0;0;0;0;0,103457616;0,526659665;0,369479003;0,110469753;596,5277;0;2,598313318
EUR_2011;IT0003201198_2011;IT0003201198;IT;Industrial Goods & Services;0;0;0;0;0;0,031162887;0,671621134;1,372143755;0,189213541;1324,0564;0;3,689899772
CHF_2011;CH0030380734_2011;CH0030380734;CH;Technology;-0,031115847;54,72923001;400,1972225;454,9264525;0,489539749;0,068527835;0,210418852;4,713261128;0,714784709;713,3;0;2,775871916
GBP_2011;GB0002148343_2011;GB0002148343;GB;Financial Services;2,25076E-18;-8,712256833;139,0380714;130,3258145;0,3125;0,02424823;0,838953608;0,024894481;0,018917268;461,2177;1;3,150100453
GBP_2011;GB00B1VNST91_2011;GB00B1VNST91;GB;Technology;0;5,728607232;117,4364483;123,1650555;0,072727273;-0,135181188;0,499716006;2,023186238;0,307281609;410,638;0;3,021438511
EUR_2011;AT0000946652_2011;AT0000946652;AT;Oil & Gas;0;0;0;0;0;0,085814462;0,49234171;2,54487924;0,551277564;1045,4;0;2,792424611
EUR_2011;DE0005875306_2011;DE0005875306;DE;Media;1,62183E-18;-55,3;116;60,7;0,480519481;0,043037302;0,564141196;0,967032837;0,280644729;1118,1144;1;3,241945231
EUR_2011;FI0009010391_2011;FI0009010391;FI;Personal & Household Goods;-0,044939894;-93,4;265,4;172;0,138686131;-0,026418787;0,564788929;1,338774545;0,395513;583,3825;1;3,155578931
EUR_2011;IT0000074614_2011;IT0000074614;IT;Financial Services;0;-0,21;0,3;0,09;0,375;-0,012837656;0,518539973;1,290161767;0,327293345;483,9586;1;4,060915349
EUR_2011;AT0000911805_2011;AT0000911805;AT;Industrial Goods & Services;0;0;0;0;0;0,014697525;0,622621221;0,687623246;0,104603476;577,5;0;3,332470374
EUR_2011;IT0003697080_2011;IT0003697080;IT;Personal & Household Goods;0;0;0;0;0;0,077336688;0,311807071;2,499886532;0,730204903;561,9614;0;2,81204122
EUR_2011;GRS085101004_2011;GRS085101004;GR;Industrial Goods & Services;0;-24,5;24,5;0;0,607142857;-0,011763591;0,568215551;1,21638504;0,450809656;602,4118;1;3,559928638
EUR_2011;AT0000676903_2011;AT0000676903;AT;Industrial Goods & Services;-6,70115E-18;-218,3;289,5;71,2;0,18452381;0,07148352;0,74028049;1,441162969;0,557311083;765,9;1;3,227861006
EUR_2011;LU0253815640_2011;LU0253815640;LU;Telecommunications;0;-4,9;28,5;23,6;0,8;0,031392554;0,289645362;1,041320855;0,289252955;1063,1;1;3,309353323
GBP_2011;GB00B3FLWH99_2011;GB00B3FLWH99;GB;Industrial Goods & Services;-1,12676E-17;-16,82778375;124,3585153;107,5307316;0,215384615;0,073546856;0,363911955;0,926875;0,195465929;502,641;1;2,956877894
DKK_2011;DK0010006329_2011;DK0010006329;DK;Industrial Goods & Services;0;0;0;0;0;0,026579163;0,533059885;1,532715095;0,488105004;1463,2498;0;2,913774522
GBP_2011;GB0001765816_2011;GB0001765816;GB;Financial Services;-3,78242E-18;-8,473564865;73,39778016;64,9242153;0,060606061;0,031892853;0,670414258;0,521446915;0,095983051;339,0292;1;2,748568265
GBP_2011;GB0007282386_2011;GB0007282386;GB;Personal & Household Goods;0;5,9672992;96,31220909;102,2795083;0,169811321;0,017959292;0,38991619;3,412049489;0,843820673;349,6523;0;2,95285236
EUR_2011;AT0000741053_2011;AT0000741053;AT;Utilities;0;-248;248;0;0,129496403;0,027611202;0,537727061;0,801506515;0,114607592;1853,1;1;3,836982023
GBP_2011;GB0001528156_2011;GB0001528156;GB;Industrial Goods & Services;-4,20771E-17;-67,07244301;829,4545889;762,3821458;0,141414141;0,056948283;0,703118831;0,820343944;0,442558231;403,4544;1;3,082502991